fixed acidity,volatile acidity,citric acid,residual sugar,chlorides,free sulfur dioxide,total sulfur dioxide,density,pH,sulphates,alcohol,quality
6.8,0.3,0.27,11.6,0.028,22,97,0.99314,2.96,0.38,11.7,good
6,0.17,0.3,7.3,0.039,39,104,0.99252,2.91,0.57,11,good
8,0.2,0.3,8.1,0.037,42,130,0.99379,3.1,0.67,11.8,good
6.2,0.34,0.29,7.6,0.047,45,232,0.9955,3.35,0.62,10,good
6.4,0.4,0.25,4.2,0.032,15,91,0.98988,3.26,0.52,13.1,good
5.9,0.24,0.26,12.3,0.053,34,134,0.9972,3.34,0.45,9.5,good
6.9,0.22,0.32,9.3,0.04,22,110,0.9958,3.34,0.54,10.7,good
7.1,0.38,0.29,13.6,0.041,30,137,0.99461,3.02,0.96,12.1,good
7.3,0.26,0.31,1.6,0.04,39,173,0.9918,3.19,0.51,11.4,good
7.4,0.4,0.41,14.1,0.053,37,194,0.99886,3.2,0.63,9.4,good
5.7,0.24,0.3,1.3,0.03,25,98,0.98968,3.37,0.43,12.4,good
6.8,0.32,0.37,3.4,0.023,19,87,0.9902,3.14,0.53,12.7,good
7.3,0.24,0.29,1.2,0.037,37,97,0.9926,3.19,0.7,10.1,good
7.4,0.2,0.33,1.9,0.035,39,138,0.991,3.17,0.44,11.7,good
7.3,0.25,0.41,1.8,0.037,52,165,0.9911,3.29,0.39,12.2,good
5.7,0.25,0.26,12.5,0.049,52.5,106,0.99691,3.08,0.45,9.4,good
7,0.26,0.59,1.4,0.037,40,120,0.9918,3.34,0.41,11.1,good
7,0.46,0.39,6.2,0.039,46,163,0.9928,3.21,0.35,12.2,good
5.7,0.135,0.3,4.6,0.042,19,101,0.9946,3.31,0.42,9.3,good
6.9,0.22,0.49,7,0.063,50,168,0.9957,3.54,0.5,10.3,good
6.8,0.28,0.36,8,0.045,28,123,0.9928,3.02,0.37,11.4,good
6.7,0.27,0.31,15.7,0.036,44,179,0.9979,3.26,0.56,9.6,not good
6.8,0.43,0.26,5.2,0.043,40,176,0.99116,3.17,0.41,12.3,good
6.7,0.3,0.29,2.8,0.025,37,107,0.99159,3.31,0.63,11.3,good
7.3,0.19,0.27,13.9,0.057,45,155,0.99807,2.94,0.41,8.8,good
6.6,0.25,0.36,8.1,0.045,54,180,0.9958,3.08,0.42,9.2,not good
5.9,0.62,0.28,3.5,0.039,55,152,0.9907,3.44,0.44,12,good
6.4,0.17,0.27,9.9,0.047,26,101,0.99596,3.34,0.5,9.9,good
5,0.29,0.54,5.7,0.035,54,155,0.98976,3.27,0.34,12.9,good
8,0.55,0.17,8.2,0.04,13,60,0.9956,3.09,0.3,9.5,not good
7,0.33,0.28,5.7,0.033,39,204,0.99176,3.17,0.64,12.5,good
7.4,0.16,0.49,1.2,0.055,18,150,0.9917,3.23,0.47,11.2,good
6.5,0.18,0.33,8,0.051,16,131,0.9965,3.28,0.44,8.7,good
6,0.28,0.29,19.3,0.051,36,174,0.99911,3.14,0.5,9,not good
6.7,0.15,0.29,5,0.058,28,105,0.9946,3.52,0.44,10.2,good
6.3,0.19,0.29,5.5,0.042,44,189,0.99304,3.19,0.47,10.3,good
6.1,0.36,0.26,8.15,0.035,14,88,0.99031,3.06,0.27,13,good
7.1,0.29,0.34,7.8,0.036,49,128,0.99397,3.21,0.4,10.7,good
7.2,0.4,0.24,8.5,0.055,45,151,0.99626,3.2,0.52,9.2,not good
5.8,0.25,0.28,11.1,0.056,45,175,0.99755,3.42,0.43,9.5,not good
8.4,0.18,0.42,5.1,0.036,7,77,0.9939,3.16,0.52,11.7,not good
5.6,0.41,0.24,1.9,0.034,10,53,0.98815,3.32,0.5,13.5,good
7.6,0.3,0.25,4.3,0.054,22,111,0.9956,3.12,0.49,9.2,not good
6.5,0.22,0.19,4.5,0.096,16,115,0.9937,3.02,0.44,9.6,not good
7.3,0.41,0.24,6.8,0.057,41,163,0.9949,3.2,0.41,9.9,good
6.3,0.33,0.2,5.8,0.04,24,144,0.99425,3.15,0.63,9.9,not good
6.9,0.37,0.28,13.8,0.031,34,137,0.9948,3.1,0.37,11.6,good
6.3,0.23,0.49,7.1,0.05,67,210,0.9951,3.23,0.34,9.5,not good
5.9,0.23,0.24,1.6,0.037,32,115,0.99076,3.21,0.51,11.4,good
5.4,0.33,0.31,4,0.03,27,108,0.99031,3.3,0.43,12.2,good
6.1,0.255,0.44,12.3,0.045,53,197,0.9967,3.24,0.54,9.5,good
7.6,0.18,0.28,7.1,0.041,29,110,0.99652,3.2,0.42,9.2,good
5.8,0.3,0.27,1.7,0.014,45,104,0.98914,3.4,0.56,12.6,good
6.6,0.34,0.28,1.3,0.035,32,90,0.9916,3.1,0.42,10.7,good
6.2,0.36,0.32,4,0.036,44,92,0.98936,3.2,0.5,13.3,good
7.4,0.31,0.74,10.7,0.039,51,147,0.9977,3.02,0.43,8.7,not good
7.3,0.18,0.29,1,0.036,26,101,0.99,3.09,0.37,11.7,good
7.4,0.19,0.31,14.5,0.045,39,193,0.9986,3.1,0.5,9.2,good
7.5,0.28,0.41,1.3,0.044,11,126,0.99293,3.28,0.45,10.3,not good
6.3,0.32,0.32,1.5,0.03,24,101,0.98923,3.21,0.42,13,not good
6.1,0.38,0.14,3.9,0.06,27,113,0.99344,3.07,0.34,9.2,not good
6.2,0.36,0.26,13.2,0.051,54,201,0.9976,3.25,0.46,9,not good
6.7,0.28,0.28,2.4,0.012,36,100,0.99064,3.26,0.39,11.7,good
6.4,0.18,0.28,17.05,0.047,53,139,0.99724,3.25,0.35,10.5,good
6.4,0.23,0.37,7.9,0.05,60,150,0.99488,2.86,0.49,9.3,good
6.1,0.27,0.44,6.7,0.041,61,230,0.99505,3.12,0.4,8.9,not good
6.5,0.35,0.28,12.4,0.051,86,213,0.9962,3.16,0.51,9.9,good
7,0.21,0.28,8.7,0.045,37,222,0.9954,3.25,0.54,10.4,good
6,0.11,0.47,10.6,0.052,69,148,0.9958,2.91,0.34,9.3,not good
7.6,0.2,0.3,14.2,0.056,53,212.5,0.999,3.14,0.46,8.9,good
6.1,0.17,0.29,1.1,0.041,32,92,0.99036,3.26,0.57,11.2,good
6.1,0.36,0.16,6.4,0.037,36,198,0.9944,3.17,0.62,9.9,good
6.2,0.25,0.54,7,0.046,58,176,0.99454,3.19,0.7,10.4,not good
6.8,0.22,0.31,1.4,0.053,34,114,0.9929,3.39,0.77,10.6,good
7,0.28,0.32,7.75,0.032,30,114,0.99158,3.12,0.64,12.8,good
6.7,0.13,0.29,5.3,0.051,31,122,0.9944,3.44,0.37,9.7,good
5.8,0.25,0.26,13.1,0.051,44,148,0.9972,3.29,0.38,9.3,not good
7.6,0.56,0.12,10.4,0.096,22,177,0.9983,3.32,0.45,9.1,not good
7,0.28,0.33,14.6,0.043,47,168,0.9994,3.34,0.67,8.8,good
6.8,0.17,0.35,1.8,0.04,29,84,0.98961,2.91,0.57,12,good
6.5,0.28,0.28,20.4,0.041,40,144,1.0002,3.14,0.38,8.7,not good
6.6,0.19,0.43,10.9,0.045,53,154,0.99752,3.52,0.77,10.4,good
7.9,0.25,0.35,6.7,0.039,22,64,0.99362,2.93,0.49,10.7,not good
6.5,0.27,0.19,4.2,0.046,6,114,0.9955,3.25,0.35,8.6,not good
6.6,0.45,0.43,7.2,0.064,31,186,0.9954,3.12,0.44,9.4,not good
6.7,0.26,0.49,8.1,0.052,48,197,0.99558,3.19,0.48,9.5,not good
4.9,0.335,0.14,1.3,0.036,69,168,0.99212,3.47,0.46,10.4666666666667,not good
7.6,0.19,0.42,1.5,0.044,6,114,0.9914,3.04,0.74,12.8,good
6.4,0.3,0.27,4.4,0.055,17,135,0.9925,3.23,0.44,12.2,good
6.8,0.15,0.33,4.7,0.059,31,118,0.9956,3.43,0.39,9,good
8.3,0.16,0.37,7.9,0.025,38,107,0.99306,2.93,0.37,11.9,good
7.4,0.31,0.28,1.6,0.05,33,137,0.9929,3.31,0.56,10.5,good
7.5,0.23,0.36,7,0.036,43,161,0.9938,3.04,0.32,11,not good
6.6,0.19,0.33,1.8,0.035,42,148,0.99196,3.15,0.36,10.2,not good
6,0.28,0.24,17.8,0.047,42,111,0.99896,3.1,0.45,8.9,good
6.3,0.13,0.42,1.1,0.043,63,146,0.99066,3.13,0.72,11.2,good
7.9,0.33,0.28,31.6,0.053,35,176,1.0103,3.15,0.38,8.8,good
6.7,0.16,0.36,2,0.045,24,131,0.99284,3.3,0.59,10.5,good
7.3,0.23,0.34,9.3,0.052,19,86,0.99574,3.04,0.56,10,not good
6.4,0.17,0.34,1.5,0.093,43,136,0.9938,3.25,0.49,9.6,good
6.6,0.16,0.29,1.8,0.05,40,147,0.9912,3.06,0.44,11.4,good
6.8,0.21,0.27,18.15,0.042,41,146,1.0001,3.3,0.36,8.7,not good
6.3,0.3,0.19,7.7,0.049,47,184,0.99514,3.22,0.48,9.5,not good
7.2,0.23,0.25,18.8,0.085,19,111,1.00044,3.1,0.51,8.7,not good
6.5,0.29,0.3,9.15,0.051,25,166,0.99339,3.24,0.56,11.3333333333333,good
4.7,0.145,0.29,1,0.042,35,90,0.9908,3.76,0.49,11.3,good
6.7,0.28,0.34,8.9,0.048,32,111,0.99455,3.25,0.54,11,good
8,0.32,0.26,1.2,0.05,11.5,88,0.9946,3.24,0.37,9.5,not good
6.3,0.24,0.22,11.9,0.05,65,179,0.99659,3.06,0.58,9.3,good
6.7,0.17,0.5,2.1,0.043,27,122,0.9923,3.15,0.45,10.3,good
8.1,0.34,0.28,7.5,0.04,70,230,0.99558,3.14,0.55,9.8,good
9.8,0.93,0.45,8.6,0.052,34,187,0.9994,3.12,0.59,10.2,not good
7,0.35,0.17,1.1,0.049,7,119,0.99297,3.13,0.36,9.7,good
6.7,0.31,0.31,4.9,0.031,20,151,0.9926,3.36,0.82,12,good
7.9,0.26,0.41,15.15,0.04,38,216,0.9976,2.96,0.6,10,good
5.4,0.45,0.27,6.4,0.033,20,102,0.98944,3.22,0.27,13.4,good
6.3,0.17,0.42,2.8,0.028,45,107,0.9908,3.27,0.43,11.8,good
7,0.39,0.21,10.7,0.098,13,91,0.99657,3.03,0.47,9.3,not good
5.6,0.16,0.27,1.4,0.044,53,168,0.9918,3.28,0.37,10.1,good
8.1,0.2,0.4,2,0.037,19,87,0.9921,3.12,0.54,11.2,good
7.3,0.17,0.24,8.1,0.121,32,162,0.99508,3.17,0.38,10.4,good
6.7,0.24,0.35,13.1,0.05,64,205,0.997,3.15,0.5,9.5,not good
8,0.33,0.32,4.6,0.041,31,180,0.99184,2.92,0.74,12.2,good
6.3,0.25,0.22,3.3,0.048,41,161,0.99256,3.16,0.5,10.5,good
7.6,0.34,0.39,7.6,0.04,45,215,0.9965,3.11,0.53,9.2,good
8.4,0.22,0.3,1.3,0.038,45,122,0.99178,3.13,0.54,10.8,good
6.4,0.17,0.34,13.4,0.044,45,139,0.99752,3.06,0.43,9.1,good
6.4,0.31,0.31,12.9,0.045,55,161,0.99546,3.02,0.59,10.2,not good
6,0.19,0.29,1.2,0.046,29,92,0.99033,3.22,0.53,11.3,good
5.9,0.26,0.21,12.5,0.034,36,152,0.9972,3.28,0.43,9.5,good
9.2,0.14,0.37,1.1,0.034,36,84,0.99136,3.05,0.55,11.6,good
6.4,0.39,0.21,1.2,0.041,35,136,0.99225,3.15,0.46,10.2,not good
7.4,0.32,0.55,16.6,0.056,53,238,1.0017,2.96,0.58,8.7,good
7.2,0.6,0.2,9.9,0.07,21,174,0.9971,3.03,0.54,9.1,not good
6,0.33,0.26,5.1,0.051,16,119,0.99416,3.15,0.41,9.2,not good
7.2,0.16,0.49,1.3,0.037,27,104,0.9924,3.23,0.57,10.6,good
7,0.23,0.32,1.8,0.048,25,113,0.9915,3.11,0.47,11.1,good
7.9,0.14,0.28,1.8,0.041,44,178,0.9954,3.45,0.43,9.2,good
6.3,0.495,0.22,1.8,0.046,31,140,0.9929,3.39,0.54,10.4,good
6.1,0.35,0.24,2.3,0.034,25,133,0.9906,3.34,0.59,12,good
6,0.39,0.17,12,0.046,65,246,0.9976,3.15,0.38,9,good
8.3,0.4,0.38,1.1,0.038,15,75,0.9934,3.03,0.43,9.2,not good
7.2,0.27,0.74,12.5,0.037,47,156,0.9981,3.04,0.44,8.7,not good
5.2,0.6,0.07,7,0.044,33,147,0.9944,3.33,0.58,9.7,not good
6.7,0.3,0.45,10.6,0.032,56,212,0.997,3.22,0.59,9.5,good
8.2,0.23,0.37,1.3,0.042,39,117,0.9928,2.99,0.36,10,not good
6.8,0.38,0.29,9.9,0.037,40,146,0.99326,3.11,0.37,11.5,good
8.3,0.22,0.34,1.1,0.043,20,116,0.9927,3,0.47,10.2,good
6.2,0.33,0.14,4.8,0.052,27,128,0.99475,3.21,0.48,9.4,not good
6.8,0.23,0.42,7.4,0.044,56,189,0.9958,3.22,0.48,9.3,good
7.3,0.33,0.22,1.4,0.041,40,177,0.99287,3.14,0.48,9.9,not good
6.6,0.35,0.35,6,0.063,31,150,0.99537,3.1,0.47,9.4,good
7.6,0.27,0.29,2.5,0.059,37,115,0.99328,3.09,0.37,9.8,not good
7,0.17,0.33,4,0.034,17,127,0.9934,3.19,0.39,10.6,good
7,0.2,0.49,5.9,0.038,39,128,0.9938,3.21,0.48,10.8,good
7.1,0.36,0.37,4.8,0.019,39,114,0.99036,3.08,0.49,12.7,good
5.8,0.34,0.21,6.6,0.04,50,167,0.9941,3.29,0.62,10,not good
6.4,0.23,0.33,1.15,0.044,15.5,217.5,0.992,3.33,0.44,11,good
7.2,0.29,0.4,7.6,0.024,56,177,0.9928,3.04,0.32,11.5,good
6.5,0.22,0.32,2.2,0.028,36,92,0.99076,3.27,0.59,11.9,good
5.7,0.26,0.27,4.1,0.201,73.5,189.5,0.9942,3.27,0.38,9.4,good
6.8,0.73,0.2,6.6,0.054,25,65,0.99324,3.12,0.28,11.1,not good
8,0.19,0.3,2,0.053,48,140,0.994,3.18,0.49,9.6,good
7.6,0.31,0.23,12.7,0.054,20,139,0.99836,3.16,0.5,9.7,not good
8,0.13,0.25,1.1,0.033,15,86,0.99044,2.98,0.39,11.2,good
5.3,0.3,0.16,4.2,0.029,37,100,0.9905,3.3,0.36,11.8,good
8.8,0.35,0.49,1,0.036,14,56,0.992,2.96,0.33,10.5,not good
7.5,0.29,0.24,9.9,0.058,25,115,0.99567,3.15,0.46,10.9,not good
6.4,0.37,0.12,5.9,0.056,6,91,0.99536,3.06,0.46,8.4,not good
8.7,0.34,0.46,13.8,0.055,68,198,0.9988,3.36,0.37,9.5,good
7.2,0.23,0.46,6.4,0.036,17,85,0.99279,3.1,0.78,11.7,good
5.8,0.28,0.3,1.5,0.026,31,114,0.98952,3.32,0.6,12.5,good
6.4,0.42,0.19,9.3,0.043,28,145,0.99433,3.23,0.53,10.98,not good
8.1,0.17,0.44,14.1,0.053,43,145,1.0006,3.28,0.75,8.8,good
6.6,0.54,0.21,16.3,0.055,41,182,0.9986,3.35,0.54,10.4,good
6.2,0.27,0.49,1.4,0.05,20,74,0.9931,3.32,0.44,9.8,good
5.8,0.31,0.31,7.5,0.052,55,230,0.9949,3.19,0.46,9.8,not good
6,0.29,0.2,12.6,0.045,45,187,0.9972,3.33,0.42,9.5,not good
6.8,0.26,0.24,7.8,0.052,54,214,0.9961,3.13,0.47,8.9,not good
5.7,0.32,0.38,4.75,0.033,23,94,0.991,3.42,0.42,11.8,good
6.8,0.18,0.46,1.4,0.064,37,160,0.9924,3.37,0.45,11.1,not good
6.8,0.31,0.32,7.6,0.052,35,143,0.9959,3.14,0.38,9,not good
7.3,0.4,0.24,6.7,0.058,41,166,0.995,3.2,0.41,9.9,good
5.6,0.39,0.24,4.7,0.034,27,77,0.9906,3.28,0.36,12.7,not good
6.5,0.29,0.3,9.15,0.051,25,166,0.99339,3.24,0.56,11.35,good
6.7,0.41,0.27,2.6,0.033,25,85,0.99086,3.05,0.34,11.7,good
6.8,0.24,0.4,1.8,0.047,34,105,0.99,3.13,0.49,12.8,good
6.1,0.2,0.25,1.2,0.038,34,128,0.9921,3.24,0.44,10.1,not good
7.1,0.16,0.25,1.3,0.034,28,123,0.9915,3.27,0.55,11.4,good
6.3,0.21,0.28,1.5,0.051,46,142,0.9928,3.23,0.42,10.1,good
7.1,0.28,0.44,1.8,0.032,32,107,0.9907,3.25,0.48,12.2,good
6.5,0.24,0.38,1,0.027,31,90,0.98926,3.24,0.36,12.3,good
8.2,0.28,0.42,1.8,0.031,30,93,0.9917,3.09,0.39,11.4,not good
6.3,0.3,0.34,1.6,0.049,14,132,0.994,3.3,0.49,9.5,good
7,0.29,0.33,0.9,0.041,20,117,0.99048,3.21,0.5,11.4,not good
6.2,0.24,0.22,7.9,0.053,45,149,0.99545,3.23,0.52,9.3,not good
7.2,0.34,0.28,10.4,0.108,43,187,0.99738,2.96,0.57,9.4,not good
6.4,0.24,0.29,11.4,0.051,32,166,0.9968,3.31,0.45,9.5,not good
7.7,0.28,0.39,8.9,0.036,8,117,0.9935,3.06,0.38,12,good
6.6,0.25,0.3,14.4,0.052,40,183,0.998,3.02,0.5,9.1,good
6.5,0.16,0.33,1,0.027,23,75,0.9908,3.3,0.39,11.4,good
6.6,0.4,0.3,5.3,0.038,20,125,0.99204,3.36,0.73,12.6,good
6.6,0.64,0.28,4.4,0.032,19,78,0.99036,3.11,0.62,12.9,good
8,0.74,0.21,4,0.05,24,133,0.99418,3.06,0.38,9.7,not good
5.4,0.17,0.27,2.7,0.049,28,104,0.99224,3.46,0.55,10.3,good
6.6,0.22,0.35,1.4,0.05,23,83,0.99019,3.17,0.48,12,good
6,0.38,0.26,3.5,0.035,38,111,0.98872,3.18,0.47,13.6,good
5.3,0.24,0.33,1.3,0.033,25,97,0.9906,3.59,0.38,11,good
8.1,0.34,0.28,7.5,0.04,70,230,0.99558,3.14,0.55,9.8,good
7.2,0.36,0.36,5.7,0.038,26,98,0.9914,2.93,0.59,12.5,good
7.4,0.31,0.26,8.6,0.048,47,206,0.9964,3.26,0.36,9.1,not good
8.2,0.61,0.45,5.4,0.03,15,118,0.9954,3.14,0.34,9.6,not good
6.5,0.37,0.33,3.9,0.027,40,130,0.9906,3.28,0.39,12.7,good
5.8,0.17,0.34,1.8,0.045,96,170,0.99035,3.38,0.9,11.8,good
7.1,0.36,0.2,1.6,0.271,24,140,0.99356,3.11,0.63,9.8,not good
6.1,0.27,0.43,7.5,0.049,65,243,0.9957,3.12,0.47,9,not good
9.8,0.31,0.49,15.4,0.046,13,119,1.0004,3.18,0.45,9.5,not good
6.7,0.44,0.22,4.3,0.032,19,99,0.99015,3.26,0.53,12.8,good
7.8,0.3,0.74,1.8,0.033,33,156,0.991,3.29,0.52,12.8,good
6.5,0.14,0.32,2.7,0.037,18,89,0.9924,3.4,0.74,11.5,good
7.1,0.44,0.37,2.7,0.041,35,128,0.9896,3.07,0.43,13.5,good
7,0.24,0.26,1.7,0.041,31,110,0.99142,3.2,0.53,11,good
6.8,0.31,0.42,6.9,0.046,50,173,0.9958,3.19,0.46,9,not good
6.8,0.46,0.26,2.7,0.042,28,83,0.99114,3.38,0.51,12,good
6.8,0.19,0.34,1.9,0.04,41,108,0.99,3.25,0.45,12.9,good
6,0.2,0.26,6.8,0.049,22,93,0.9928,3.15,0.42,11,good
6.7,0.51,0.24,2.1,0.043,14,155,0.9904,3.22,0.6,13,good
6.2,0.255,0.27,1.3,0.037,30,86,0.98834,3.05,0.59,12.9,good
7.7,0.25,0.49,2.5,0.047,31,169,0.99252,3.07,0.57,10.6,good
7.8,0.28,0.31,2.1,0.046,28,208,0.99434,3.23,0.64,9.8,not good
7,0.15,0.3,13.3,0.049,46,120,0.99704,3.2,0.36,9.5,good
7,0.27,0.36,20.7,0.045,45,170,1.001,3,0.45,8.8,good
8.8,0.39,0.35,1.8,0.096,22,80,0.99016,2.95,0.54,12.6,good
5.7,0.18,0.22,4.2,0.042,25,111,0.994,3.35,0.39,9.4,not good
6.9,0.44,0.18,11.8,0.051,26,126,0.9975,3.23,0.48,9.1,not good
7.5,0.2,0.41,1.2,0.05,26,131,0.99133,3.19,0.52,11.1,not good
8.3,0.15,0.39,1.3,0.055,32,146,0.993,3.08,0.39,10.5,good
6.7,0.265,0.22,8.6,0.048,54,198,0.9955,3.25,0.41,10.2,not good
5.7,0.385,0.04,12.6,0.034,22,115,0.9964,3.28,0.63,9.9,good
6.6,0.24,0.35,7.7,0.031,36,135,0.9938,3.19,0.37,10.5,not good
6.6,0.19,0.28,1.1,0.044,38,100,0.9904,3.22,0.69,11.2,good
6,0.28,0.52,5,0.078,30,139,0.99494,3.1,0.36,9,good
6.6,0.29,0.44,9,0.053,62,178,0.99685,3.02,0.45,8.9,not good
7.2,0.43,0.24,6.7,0.058,40,163,0.995,3.2,0.41,9.9,not good
5.7,0.14,0.3,5.4,0.045,26,105,0.99469,3.32,0.45,9.3,not good
6.5,0.31,0.14,7.5,0.044,34,133,0.9955,3.22,0.5,9.5,not good
6.2,0.39,0.24,4.8,0.037,45,138,0.99174,3.23,0.43,11.2,good
5.4,0.205,0.16,12.55,0.051,31,115,0.99564,3.4,0.38,10.8,good
6.6,0.22,0.29,14.4,0.046,39,118,0.99834,3.05,0.5,9.1,good
5.8,0.385,0.25,3.7,0.031,38,122,0.99128,3.2,0.63,11.2,good
6.2,0.18,0.49,4.5,0.047,17,90,0.9919,3.27,0.37,11.6,good
7.2,0.685,0.21,9.5,0.07,33,172,0.9971,3,0.55,9.1,good
6.4,0.27,0.32,4.5,0.24,61,174,0.9948,3.12,0.48,9.4,not good
7.5,0.34,0.28,4,0.028,46,100,0.98958,3.2,0.5,13.2,good
6.7,0.25,0.33,2.9,0.057,52,173,0.9934,3.02,0.48,9.5,good
6.8,0.45,0.28,26.05,0.031,27,122,1.00295,3.06,0.42,10.6,good
6.8,0.21,0.31,2.9,0.046,40,121,0.9913,3.07,0.65,10.9,good
7.1,0.25,0.25,1.6,0.046,50,181,0.9925,3.2,0.42,11,good
6.6,0.24,0.22,12.3,0.051,35,146,0.99676,3.1,0.67,9.4,not good
7.4,0.26,0.31,2.4,0.043,58,178,0.9941,3.42,0.68,10.6,good
6.7,0.14,0.46,1.6,0.036,15,92,0.99264,3.37,0.49,10.9,not good
7.7,0.42,0.31,9.2,0.048,22,221,0.9969,3.06,0.61,9.2,good
6.4,0.33,0.28,4,0.04,24,81,0.9903,3.26,0.64,12.6,good
7.4,0.19,0.3,12.8,0.053,48.5,229,0.9986,3.14,0.49,9.1,good
6.1,0.25,0.18,10.5,0.049,41,124,0.9963,3.14,0.35,10.5,not good
5.7,0.22,0.25,1.1,0.05,97,175,0.99099,3.44,0.62,11.1,good
6.4,0.29,0.28,11.1,0.063,66,169,0.9973,2.89,0.57,9,not good
6.3,0.26,0.42,7.1,0.045,62,209,0.99544,3.2,0.53,9.5,good
6.7,0.15,0.38,1.7,0.037,20,84,0.99046,3.09,0.53,11.4,good
5.1,0.35,0.26,6.8,0.034,36,120,0.99188,3.38,0.4,11.5,good
6.6,0.32,0.36,8,0.047,57,168,0.9949,3.15,0.46,9.6,not good
5.6,0.26,0.5,11.4,0.029,25,93,0.99428,3.23,0.49,10.5,good
7.6,0.17,0.45,11.2,0.054,56,137,0.997,3.15,0.47,10,not good
7.2,0.31,0.46,5,0.04,3,29,0.9906,3.04,0.53,12.5,not good
8.1,0.24,0.33,10.2,0.048,46,141,0.9972,3.16,0.48,10.3,good
8.5,0.17,0.31,1,0.024,13,91,0.993,2.79,0.37,10.1,not good
6.7,0.24,0.41,8.7,0.036,29,148,0.9952,3.22,0.62,9.9,good
6.9,0.19,0.35,13.5,0.038,49,118,0.99546,3,0.63,10.7,good
7.1,0.42,0.2,2.8,0.038,28,109,0.98968,3.23,0.47,13.4,good
6.7,0.34,0.43,1.6,0.041,29,114,0.99014,3.23,0.44,12.6,good
8.1,0.26,0.33,11.1,0.052,52.5,158,0.9976,3.03,0.49,10.2,good
6.4,0.22,0.32,4.9,0.046,50,156,0.99316,3.38,0.55,11.2,good
7.5,0.32,0.37,1.2,0.048,22,184,0.9938,3.09,0.43,9.3,not good
8.5,0.19,0.56,17.3,0.055,47,169,1.00047,3.07,0.67,9.3,good
6.4,0.16,0.44,1.2,0.051,39,122,0.99058,3.11,0.75,11.3,good
5.8,0.2,0.24,1.4,0.033,65,169,0.99043,3.59,0.56,12.3,good
6.8,0.31,0.32,7.6,0.052,35,143,0.9959,3.14,0.38,9,not good
5.2,0.17,0.27,0.7,0.03,11,68,0.99218,3.3,0.41,9.8,not good
6.6,0.33,0.4,2.65,0.041,35,86,0.98916,3.11,0.39,13.3,good
7.2,0.27,0.74,12.5,0.037,47,156,0.9981,3.04,0.44,8.7,not good
6.5,0.37,0.3,2.2,0.033,39,107,0.98894,3.22,0.53,13.5,good
6.7,0.16,0.28,2.5,0.046,40,153,0.9921,3.38,0.51,11.4,good
6.4,0.29,0.3,6.5,0.209,62,156,0.99478,3.1,0.4,9.4,not good
5.7,0.22,0.29,3.5,0.04,27,146,0.98999,3.17,0.36,12.1,good
5.8,0.2,0.16,1.4,0.042,44,99,0.98912,3.23,0.37,12.2,good
7.2,0.24,0.36,2,0.029,21,63,0.99076,3.13,0.63,12.5,good
7.4,0.24,0.26,1.6,0.058,53,150,0.9936,3.18,0.5,9.9,good
7.5,0.31,0.24,7.1,0.031,28,141,0.99397,3.16,0.38,10.6,good
6.8,0.17,0.32,1.4,0.04,35,106,0.99026,3.16,0.66,12,not good
6.7,0.26,0.26,4,0.079,35.5,216,0.9956,3.31,0.68,9.5,not good
7.1,0.18,0.42,1.4,0.045,47,157,0.9916,2.95,0.31,10.5,good
7.7,0.24,0.29,15.3,0.044,39,194,0.9982,3.06,0.47,9.6,good
7.4,0.16,0.27,15.5,0.05,25,135,0.9984,2.9,0.43,8.7,good
6.2,0.355,0.35,2,0.046,31,95,0.98822,3.06,0.46,13.6,good
7.1,0.35,0.27,3.1,0.034,28,134,0.9897,3.26,0.38,13.1,good
6.5,0.24,0.19,1.2,0.041,30,111,0.99254,2.99,0.46,9.4,good
7.2,0.2,0.22,1.6,0.044,17,101,0.99471,3.37,0.53,10,not good
7.3,0.22,0.26,1.5,0.04,32,172,0.99194,3.27,0.48,11.2,good
6.8,0.22,0.3,10.6,0.07,67,194,0.99654,2.89,0.42,9,good
7.3,0.655,0.2,10.2,0.071,28,212,0.9971,2.96,0.58,9.2,good
6.2,0.2,0.25,15,0.055,8,120,0.99767,3.19,0.53,9.6,good
7.6,0.67,0.14,1.5,0.074,25,168,0.9937,3.05,0.51,9.3,not good
6.9,0.32,0.15,8.1,0.046,51,180,0.9958,3.13,0.45,8.9,not good
6.3,0.17,0.32,1,0.04,39,118,0.98886,3.31,0.4,13.1,good
9.4,0.29,0.55,2.2,0.05,17,119,0.9962,3.12,0.69,10.3,not good
7.1,0.43,0.61,11.8,0.045,54,155,0.9974,3.11,0.45,8.7,not good
7.6,0.345,0.26,1.9,0.043,15,134,0.9936,3.08,0.38,9.5,not good
7,0.45,0.34,19.8,0.04,12,67,0.9976,3.07,0.38,11,good
7.3,0.22,0.49,9.4,0.034,29,134,0.9939,2.99,0.32,11,good
7.4,0.24,0.36,2,0.031,27,139,0.99055,3.28,0.48,12.5,good
5.3,0.58,0.07,6.9,0.043,34,149,0.9944,3.34,0.57,9.7,not good
6.9,0.4,0.17,12.9,0.033,59,186,0.99754,3.08,0.49,9.4,not good
7.5,0.42,0.45,9.1,0.029,20,125,0.996,3.12,0.36,10.1,good
5.9,0.29,0.33,7.4,0.037,58,205,0.99495,3.26,0.41,9.6,not good
6.5,0.18,0.41,14.2,0.039,47,129,0.99678,3.28,0.72,10.3,good
6.5,0.38,0.53,1.4,0.142,5,69,0.9926,3.14,0.52,10.1,not good
7.3,0.32,0.29,1.5,0.038,32,144,0.99296,3.2,0.55,10.8,not good
5.2,0.16,0.34,0.8,0.029,26,77,0.99155,3.25,0.51,10.1,good
6,0.26,0.24,1.3,0.053,66,150,0.9924,3.21,0.62,10.4,good
5.7,0.21,0.32,0.9,0.038,38,121,0.99074,3.24,0.46,10.6,good
5.8,0.42,0.3,2.2,0.035,26,129,0.989,3.32,0.47,12.9,good
8.4,0.17,0.31,6.7,0.038,29,132,0.9945,3.1,0.32,10.6,good
6.7,0.31,0.18,7.7,0.043,57,200,0.99566,3.17,0.44,9.4,good
5.2,0.31,0.36,5.1,0.031,46,145,0.9897,3.14,0.31,12.4,good
6.8,0.29,0.22,3.4,0.035,40,122,0.99024,3.09,0.47,12.3,good
7.5,0.16,0.38,12.7,0.043,70.5,163,0.99706,3.15,0.82,10.4,good
6.5,0.18,0.33,1.4,0.029,35,138,0.99114,3.36,0.6,11.5,good
6.3,0.24,0.29,13.7,0.035,53,134,0.99567,3.17,0.38,10.6,good
6.1,0.3,0.47,1.4,0.049,50,187,0.9927,3.19,0.45,9.5,not good
6.3,0.695,0.55,12.9,0.056,58,252,0.99806,3.29,0.49,8.7,not good
6.8,0.26,0.48,6.2,0.049,55,182,0.99582,3.21,0.45,9.4,good
7.4,0.16,0.3,1.4,0.064,34,166,0.99136,3.11,0.42,11.4333333333333,good
10,0.23,0.27,14.1,0.033,45,166,0.9988,2.72,0.43,9.7,good
6.9,0.21,0.49,1.4,0.041,15,164,0.9927,3.25,0.63,11,not good
6.7,0.28,0.14,1.4,0.043,64,159,0.992,3.17,0.39,10,not good
6.6,0.38,0.36,9.2,0.061,42,214,0.9976,3.31,0.56,9.4,not good
7.9,0.31,0.22,13.3,0.048,46,212,0.99942,3.47,0.59,10,not good
6.6,0.43,0.24,11.9,0.04,54,159,0.99622,3.14,0.54,9.8,good
7.7,0.34,0.58,11.1,0.039,41,151,0.9978,3.06,0.49,8.6,not good
6.5,0.25,0.5,7.6,0.047,54,184,0.99572,3.17,0.45,9.2,not good
7.2,0.25,0.19,8,0.044,51,172,0.9964,3.16,0.44,9.2,not good
6.3,0.12,0.36,2.1,0.044,47,146,0.9914,3.27,0.74,11.4,good
6.4,0.25,0.32,5.5,0.049,41,176,0.995,3.19,0.68,9.2,good
8.8,0.19,0.3,5,0.028,34,120,0.99242,2.94,0.47,11.2,not good
7,0.14,0.4,1.7,0.035,16,85,0.9911,3.19,0.42,11.8,good
6.8,0.26,0.29,11.9,0.052,54,160,0.99546,3.03,0.58,10.4,good
6.7,0.18,0.3,6.4,0.048,40,251,0.9956,3.29,0.52,10,not good
6.8,0.26,0.46,8.3,0.037,49,173,0.99601,3.17,0.47,9.3,not good
6.3,0.23,0.3,1.8,0.033,16,91,0.9906,3.28,0.4,11.8,good
9,0.24,0.5,1.2,0.048,26,107,0.9918,3.21,0.34,12.4,good
7.2,0.26,0.74,13.6,0.05,56,162,0.998,3.03,0.44,8.8,not good
6.7,0.38,0.26,9.55,0.036,35,91,0.9919,2.98,0.37,12.4,good
6.4,0.475,0.06,1,0.03,9,131,0.9904,2.97,0.29,10.8,not good
9.1,0.59,0.38,1.6,0.066,34,182,0.9968,3.23,0.38,8.5,not good
5.8,0.24,0.28,1.4,0.038,40,76,0.98711,3.1,0.29,13.9,good
7.7,0.39,0.28,4.9,0.035,36,109,0.9918,3.19,0.58,12.2,good
5,0.44,0.04,18.6,0.039,38,128,0.9985,3.37,0.57,10.2,good
7.3,0.4,0.28,6.5,0.037,26,97,0.99148,3.16,0.58,12.6,good
6.2,0.35,0.25,18.4,0.051,28,182,0.99946,3.13,0.62,9.3,good
6.7,0.48,0.49,2.9,0.03,28,122,0.98926,3.13,0.4,13,good
6.4,0.24,0.26,8.2,0.054,47,182,0.99538,3.12,0.5,9.5,not good
6.7,0.26,0.39,1.1,0.04,45,147,0.9935,3.32,0.58,9.6,good
6.5,0.2,0.24,9.2,0.044,25,150,0.99502,3.22,0.44,10.5,not good
6.1,0.55,0.15,9.8,0.031,19,125,0.9957,3.36,0.47,10.2,good
5.9,0.27,0.27,5,0.035,14,97,0.99058,3.1,0.33,11.8,good
6.1,0.32,0.25,1.7,0.034,37,136,0.992,3.47,0.5,10.8,good
6.5,0.29,0.42,10.6,0.042,66,202,0.99674,3.24,0.53,9.5,good
6.4,0.16,0.32,8.75,0.038,38,118,0.99449,3.19,0.41,10.7,not good
6.7,0.24,0.41,2.9,0.039,48,122,0.99052,3.25,0.43,12,not good
7.3,0.26,0.33,17.85,0.049,41.5,195,1,3.06,0.44,9.1,good
6.6,0.22,0.23,17.3,0.047,37,118,0.99906,3.08,0.46,8.8,good
7.6,0.31,0.29,10.5,0.04,21,145,0.9966,3.04,0.35,9.4,not good
8.6,0.16,0.38,3.4,0.04,41,143,0.9932,2.95,0.39,10.2,good
6.9,0.25,0.33,1.2,0.035,35,158,0.99082,3.02,0.58,11.3,good
6,0.35,0.51,1.2,0.029,10,102,0.9903,3.46,0.42,11.9,good
7.6,0.2,0.3,14.2,0.056,53,212.5,0.999,3.14,0.46,8.9,good
6.4,0.27,0.29,10.8,0.028,17,118,0.99356,3.18,0.37,11.2,good
6.5,0.35,0.36,0.8,0.034,32,111,0.98942,3.11,0.5,12.1,good
6.4,0.31,0.28,2.5,0.039,34,137,0.98946,3.22,0.38,12.7,good
6.6,0.23,0.29,14.45,0.057,29,144,0.99756,3.33,0.54,10.2,good
7.5,0.38,0.33,9.2,0.043,19,116,0.99444,3.08,0.42,11.4,good
8.9,0.33,0.32,1.5,0.047,11,200,0.9954,3.19,0.46,9.4,not good
7.9,0.345,0.51,15.3,0.047,54,171,0.9987,3.09,0.51,9.1,not good
6.1,1.1,0.16,4.4,0.033,8,109,0.99058,3.35,0.47,12.4,not good
9.4,0.16,0.23,1.6,0.042,14,67,0.9942,3.07,0.32,9.5,not good
6.4,0.3,0.33,5.2,0.05,30,137,0.99304,3.26,0.58,11.1,not good
6.8,0.27,0.22,17.8,0.034,16,116,0.9989,3.07,0.53,9.2,not good
7.2,0.39,0.54,1.4,0.157,34,132,0.99449,3.11,0.53,9,good
6.9,0.46,0.2,0.9,0.054,5,126,0.992,3.1,0.42,10.4,good
6.4,0.24,0.49,5.8,0.053,25,120,0.9942,3.01,0.98,10.5,good
7.2,0.15,0.39,1.8,0.043,21,159,0.9948,3.52,0.47,10,not good
6.6,0.35,0.34,4.9,0.032,9,125,0.99253,3.32,0.81,12,not good
6.4,0.32,0.25,5,0.055,28,138,0.99171,3.27,0.5,12.4,good
7.2,0.25,0.32,1.5,0.054,24,105,0.99154,3.17,0.48,11.1,good
7.2,0.29,0.2,7.7,0.046,51,174,0.99582,3.16,0.52,9.5,not good
6,0.28,0.27,2.3,0.051,23,147,0.994,3.23,0.67,10.3,good
7.2,0.39,0.62,11,0.047,66,178,0.9976,3.16,0.5,8.7,not good
7.5,0.18,0.37,6.2,0.05,21,138,0.99546,3.2,0.55,10.5,good
6.6,0.15,0.32,6,0.033,59,128,0.99192,3.19,0.71,12.1,good
6.9,0.25,0.29,2.4,0.038,28,76,0.99088,3.01,0.36,11.7,good
8.3,0.49,0.43,2.5,0.036,32,116,0.9944,3.23,0.47,10.7,good
6.2,0.15,0.49,0.9,0.033,17,51,0.9932,3.3,0.7,9.4,good
6.7,0.32,0.32,1.7,0.031,31,114,0.98946,3.12,0.35,12.5,good
6.2,0.35,0.29,3.9,0.041,22,79,0.99005,3.1,0.59,12.0666666666667,good
7.9,0.18,0.49,5.2,0.051,36,157,0.9953,3.18,0.48,10.6,good
7.3,0.25,0.28,1.5,0.043,19,113,0.99338,3.38,0.56,10.1,good
5.2,0.21,0.31,1.7,0.048,17,61,0.98953,3.24,0.37,12,good
6.3,0.27,0.18,7.7,0.048,45,186,0.9962,3.23,0.47,9,not good
8.2,0.29,0.49,1,0.044,29,118,0.9928,3.24,0.36,10.9,not good
7.3,0.23,0.41,14.6,0.048,73,223,0.99863,3.16,0.71,9.4,good
7.3,0.205,0.31,1.7,0.06,34,110,0.9963,3.72,0.69,10.5,good
6.3,0.27,0.51,7.6,0.049,35,200,0.99548,3.16,0.54,9.4,not good
6.6,0.25,0.31,1.5,0.035,32,127,0.9921,3.41,0.47,11.3,good
6.8,0.3,0.24,6.6,0.123,35,116,0.9953,3.07,0.48,9.4,not good
7.5,0.22,0.32,2.4,0.045,29,100,0.99135,3.08,0.6,11.3,good
7.2,0.4,0.62,10.8,0.041,70,189,0.9976,3.08,0.49,8.6,not good
8,0.25,0.49,9,0.044,31,185,0.998,3.34,0.49,10,good
6.7,0.21,0.37,2.5,0.034,35,89,0.9913,3.25,0.5,11,good
6.6,0.31,0.07,1.5,0.033,55,144,0.99208,3.16,0.42,10,not good
5.5,0.24,0.45,1.7,0.046,22,113,0.99224,3.22,0.48,10,not good
7.7,0.3,0.26,18.95,0.053,36,174,0.99976,3.2,0.5,10.4,not good
8.1,0.31,0.24,1.6,0.032,10,67,0.9924,3.08,0.47,10.5,not good
6.6,0.16,0.35,1.8,0.042,26,105,0.98962,3.19,0.75,12.4,good
6,0.33,0.38,9.7,0.04,29,124,0.9954,3.47,0.48,11,good
8.5,0.16,0.33,1,0.076,17,57,0.9921,3.14,0.46,10.6,good
6.9,0.35,0.55,11.95,0.038,22,111,0.99687,3.11,0.29,9.7,not good
6,0.17,0.33,6,0.036,30,111,0.99362,3.32,0.58,10.15,good
7.8,0.27,0.35,1.2,0.05,36,140,0.99138,3.09,0.45,11.2,not good
6.1,0.26,0.51,2.2,0.05,61,154,0.9929,3.08,0.6,9.8,good
8.1,0.25,0.38,3.8,0.051,18,129,0.9928,3.21,0.38,11.5,good
6.1,0.17,0.21,1.9,0.09,44,130,0.99255,3.07,0.41,9.7,not good
8,0.2,0.4,5.2,0.055,41,167,0.9953,3.18,0.4,10.6,good
7.6,0.25,0.34,1.3,0.056,34,176,0.99434,3.1,0.51,9.5,not good
7.4,0.25,0.36,13.2,0.067,53,178,0.9976,3.01,0.48,9,good
6.7,0.46,0.21,4,0.034,12,88,0.99016,3.26,0.54,13,good
6.2,0.66,0.48,1.2,0.029,29,75,0.9892,3.33,0.39,12.8,good
7,0.29,0.35,1.4,0.036,42,109,0.99119,3.31,0.62,11.6,good
6.7,0.31,0.3,2.4,0.038,30,83,0.98867,3.09,0.36,12.8,good
6.8,0.32,0.3,1,0.049,22,113,0.99289,3.24,0.61,10.2,not good
5.8,0.26,0.29,1,0.042,35,101,0.99044,3.36,0.48,11.4,good
7.4,0.21,0.8,12.3,0.038,77,183,0.99778,2.95,0.48,9,not good
7,0.17,0.37,1.5,0.028,26,75,0.9922,3.3,0.46,10.8,good
7.3,0.31,0.69,10.2,0.041,58,160,0.9977,3.06,0.45,8.6,not good
8.6,0.485,0.29,4.1,0.026,19,101,0.9918,3.01,0.38,12.4,not good
6.9,0.34,0.49,7.3,0.045,61,206,0.9957,3.09,0.4,9,good
8.1,0.33,0.36,7.4,0.037,36,156,0.99592,3.19,0.54,10.6,good
7.7,0.27,0.34,1.8,0.028,26,168,0.9911,2.99,0.48,12.1,good
5.7,0.21,0.24,2.3,0.047,60,189,0.995,3.65,0.72,10.1,good
6.5,0.5,0.22,4.1,0.036,35,131,0.9902,3.26,0.55,13,good
6.6,0.33,0.24,16.05,0.045,31,147,0.99822,3.08,0.52,9.2,not good
6.8,0.3,0.35,2.8,0.038,10,164,0.9912,3.09,0.53,12,good
6.8,0.35,0.32,2.4,0.048,35,103,0.9911,3.28,0.46,12,good
6.4,0.24,0.49,5.8,0.053,25,120,0.9942,3.01,0.98,10.5,good
5.2,0.36,0.02,1.6,0.031,24,104,0.9896,3.44,0.35,12.2,good
7.8,0.28,0.34,1.6,0.028,32,118,0.9901,3,0.38,12.1,good
5.7,0.26,0.24,17.8,0.059,23,124,0.99773,3.3,0.5,10.1,not good
6.8,0.24,0.37,7.45,0.043,59,188,0.99579,3.2,0.5,9.4,good
7.2,0.23,0.39,1.5,0.053,26,106,0.99166,3.18,0.47,11.1,good
7.4,0.23,0.43,1.4,0.044,22,113,0.9938,3.22,0.62,10.6,good
6.2,0.28,0.27,10.3,0.03,26,108,0.99388,3.2,0.36,10.7,good
6.5,0.33,0.24,14.5,0.048,20,96,0.99456,3.06,0.3,11.5,good
6.3,0.2,0.19,12.3,0.048,54,145,0.99668,3.16,0.42,9.3,good
7.6,0.25,1.23,4.6,0.035,51,294,0.99018,3.03,0.43,13.1,good
7,0.35,0.3,6.5,0.028,27,87,0.9936,3.4,0.42,11.4,good
7.5,0.705,0.1,13,0.044,44,214,0.99741,3.1,0.5,9.1,not good
7.5,0.24,0.29,1.1,0.046,34,84,0.9902,3.04,0.39,11.45,good
6,0.18,0.27,1.5,0.089,40,143,0.9923,3.49,0.62,10.8,good
5.7,0.22,0.2,16,0.044,41,113,0.99862,3.22,0.46,8.9,good
7.7,0.24,0.31,1.3,0.047,33,106,0.993,3.22,0.55,10.8,good
7.1,0.43,0.3,6.6,0.025,15,138,0.99126,3.18,0.46,12.6,good
6.9,0.28,0.4,8.2,0.036,15,95,0.9944,3.17,0.33,10.2,not good
6.5,0.22,0.31,3.9,0.046,17,106,0.99098,3.15,0.31,11.5,not good
6.3,0.34,0.36,4.9,0.035,31,185,0.9946,3.15,0.49,9.7,not good
6.6,0.17,0.3,1.1,0.031,13,73,0.99095,3.17,0.58,11,good
6.2,0.24,0.29,13.3,0.039,49,130,0.9952,3.33,0.46,11,good
6.7,0.37,0.25,2.5,0.028,24,84,0.9909,3.14,0.36,11.7,good
7.8,0.43,0.49,13,0.033,37,158,0.9955,3.14,0.35,11.3,good
6.5,0.26,0.24,10.8,0.042,47,130,0.996,3.08,0.4,10.1,good
8.2,0.52,0.34,1.2,0.042,18,167,0.99366,3.24,0.39,10.6,not good
8.7,0.22,0.42,2.3,0.053,27,114,0.994,2.99,0.43,10,not good
7,0.46,0.2,16.7,0.046,50,184,0.99898,3.08,0.56,9.4,not good
7.1,0.36,0.24,1.8,0.025,32,102,0.9903,3.34,0.59,12.8,good
7,0.16,0.25,14.3,0.044,27,149,0.998,2.91,0.46,9.2,good
6.1,0.15,0.35,15.8,0.042,55,158,0.99642,3.24,0.37,10.6,not good
6.6,0.31,0.49,7.7,0.05,52,220,0.9964,3.12,0.45,8.8,not good
6.7,0.18,0.28,10.2,0.039,29,115,0.99469,3.11,0.45,10.9,good
5.4,0.29,0.38,1.2,0.029,31,132,0.98895,3.28,0.36,12.4,good
6.7,0.48,0.49,2.9,0.03,28,122,0.98926,3.13,0.4,13,good
6.7,0.48,0.32,1.4,0.021,22,121,0.9889,3.15,0.53,12.7,good
7.2,0.21,0.34,1.1,0.046,25,80,0.992,3.25,0.4,11.3,good
7.9,0.28,0.49,7.7,0.045,48,195,0.9954,3.04,0.55,11,good
6.1,0.35,0.07,1.4,0.069,22,108,0.9934,3.23,0.52,9.2,not good
6.9,0.26,0.29,4.2,0.043,33,114,0.9902,3.16,0.31,12.5,good
6.4,0.31,0.28,2.5,0.039,34,137,0.98946,3.22,0.38,12.7,good
6.6,0.24,0.28,6.7,0.032,26,91,0.99172,3.13,0.32,12.3,good
6.8,0.44,0.37,5.1,0.047,46,201,0.9938,3.08,0.65,10.5,not good
8.5,0.15,0.49,1.5,0.031,17,122,0.9932,3.03,0.4,10.3,good
6.5,0.21,0.4,7.3,0.041,49,115,0.99268,3.21,0.43,11,good
6.9,0.19,0.4,1.4,0.036,14,55,0.9909,3.08,0.68,11.5,good
7.4,0.2,0.29,1.7,0.047,16,100,0.99243,3.28,0.45,10.6,good
6.2,0.32,0.45,2.9,0.029,37,94,0.98998,3.25,0.6,12.4,good
7,0.24,0.34,1.4,0.031,27,107,0.99,3.06,0.39,11.9,good
6.2,0.17,0.28,4.7,0.037,39,133,0.9931,3.41,0.46,10.8,good
7,0.53,0.02,1,0.036,39,107,0.993,3.2,0.32,9,not good
7.7,0.24,0.3,1.4,0.041,15,102,0.9929,3.26,0.53,10.4,good
7.6,0.17,0.27,4.6,0.05,23,98,0.99422,3.08,0.47,9.5,good
7.7,0.31,0.26,7.8,0.031,23,90,0.9944,3.13,0.5,10.4,not good
6.8,0.27,0.28,7.8,0.038,26,89,0.9915,3.24,0.34,12.5,good
6.4,0.22,0.34,1.4,0.023,56,115,0.98958,3.18,0.7,11.7,good
6.5,0.15,0.44,12.6,0.052,65,158,0.99688,3.26,0.7,10.3,good
6.5,0.2,0.35,3.9,0.04,27,140,0.99102,2.98,0.53,11.8,good
6.8,0.27,0.3,13,0.047,69,160,0.99705,3.16,0.5,9.6,good
7.3,0.19,0.27,13.9,0.057,45,155,0.99807,2.94,0.41,8.8,good
7.6,0.32,0.25,9.5,0.03,15,136,0.99367,3.1,0.44,12.1,good
5.1,0.33,0.22,1.6,0.027,18,89,0.9893,3.51,0.38,12.5,good
8.5,0.19,0.48,1.1,0.026,23,58,0.99184,2.9,0.5,10.5,good
7,0.24,0.3,4.2,0.04,41,213,0.9927,3.28,0.49,11.8,good
7.1,0.37,0.3,6.2,0.04,49,139,0.99021,3.17,0.27,13.6,good
7.5,0.38,0.29,12.7,0.05,25,209,0.9986,3.25,0.59,9.3,good
7.3,0.29,0.37,8.3,0.044,45,227,0.9966,3.12,0.47,9,not good
6.8,0.43,0.3,3.5,0.033,27,135,0.9906,3,0.37,12,good
6.8,0.18,0.28,1.1,0.027,32,112,0.99089,3.15,0.45,11,good
7.8,0.21,0.39,1.8,0.034,62,180,0.991,3.09,0.75,12.6,good
7.8,0.27,0.33,2.4,0.053,36,175,0.992,3.2,0.55,11,good
6.3,0.29,0.28,4.7,0.059,28,81,0.99036,3.24,0.56,12.7,good
6.4,0.32,0.27,4.9,0.034,18,122,0.9916,3.36,0.71,12.5,good
6.7,0.19,0.39,1,0.032,14,71,0.98912,3.31,0.38,13,good
8.2,0.23,0.29,1.8,0.047,47,187,0.9933,3.13,0.5,10.2,good
6.9,0.35,0.74,1,0.044,18,132,0.992,3.13,0.55,10.2,not good
6.4,0.35,0.35,5.6,0.034,9,148,0.99441,3.17,0.5,9.8,not good
7.4,0.26,0.43,6,0.022,22,125,0.9928,3.13,0.55,11.5,good
6.4,0.69,0.09,7.6,0.044,34,144,0.9948,3.26,0.38,10.1,good
6.7,0.3,0.5,12.1,0.045,38,127,0.9974,3.04,0.53,8.9,good
8.2,0.23,0.4,1.2,0.027,36,121,0.992,3.12,0.38,10.7,good
5.7,0.25,0.27,11.5,0.04,24,120,0.99411,3.33,0.31,10.8,good
5.8,0.23,0.27,1.8,0.043,24,69,0.9933,3.38,0.31,9.4,good
7.4,0.2,0.37,1.2,0.028,28,89,0.99132,3.14,0.61,11.8,good
9.8,0.25,0.74,10,0.056,36,225,0.9977,3.06,0.43,10,not good
7.2,0.19,0.39,1.2,0.036,32,85,0.9918,3.16,0.5,10.5,not good
6.3,0.38,0.17,8.8,0.08,50,212,0.99803,3.47,0.66,9.4,not good
7.4,0.28,0.36,14.6,0.048,35,161,0.9968,3.14,0.56,10.6,not good
6.3,0.34,0.52,6.3,0.047,63,186,0.99481,3.18,0.44,9.6,not good
6.5,0.18,0.26,1.4,0.041,40,141,0.9941,3.34,0.72,9.5,good
6.4,0.29,0.18,15,0.04,21,116,0.99736,3.14,0.5,9.2,not good
9.4,0.28,0.3,1.6,0.045,36,139,0.99534,3.11,0.49,9.3,not good
7.7,0.34,0.28,11,0.04,31,117,0.99815,3.27,0.29,9.2,good
5.4,0.31,0.47,3,0.053,46,144,0.9931,3.29,0.76,10,not good
6.4,0.15,0.25,7.8,0.05,13,68,0.99394,3.16,0.4,9.9,good
7.9,0.28,0.41,4.9,0.058,31,153,0.9966,3.27,0.51,9.7,good
4.2,0.215,0.23,5.1,0.041,64,157,0.99688,3.42,0.44,8.0,not good
6.1,0.3,0.47,1.4,0.049,50,187,0.9927,3.19,0.45,9.5,not good
4.8,0.225,0.38,1.2,0.074,47,130,0.99132,3.31,0.4,10.3,good
7,0.22,0.26,2.8,0.036,44,132,0.99078,3.34,0.41,12,good
7.9,0.2,0.49,1.6,0.053,15,144,0.993,3.16,0.47,10.5,not good
6.5,0.3,0.29,2.25,0.037,8,210,0.9937,3.19,0.62,9.9,not good
6.2,0.3,0.28,1.6,0.036,28,106,0.988245,3.14,0.41,13.3,good
9.2,0.34,0.27,1.2,0.026,17,73,0.9921,3.08,0.39,10.8,not good
7.1,0.18,0.74,15.6,0.044,44,176,0.9996,3.38,0.67,9,good
6.7,0.35,0.48,8.8,0.056,35,167,0.99628,3.04,0.47,9.4,not good
8.5,0.17,0.49,8.8,0.048,23,108,0.9947,2.88,0.34,10.5,not good
6.8,0.45,0.3,11.8,0.094,23,97,0.997,3.09,0.44,9.6,not good
6.4,0.46,0.08,4.9,0.046,34,144,0.99445,3.1,0.56,10,not good
6.2,0.26,0.37,7.1,0.047,54,201,0.99523,3.19,0.48,9.5,good
7.6,0.33,0.36,2.1,0.034,26,172,0.9944,3.42,0.48,10.5,not good
6.5,0.52,0.17,1.4,0.047,5,26,0.9932,3.26,0.32,10,not good
9.2,0.32,0.42,1.3,0.046,14,186,0.9949,3.08,0.48,9.6,not good
6,0.29,0.41,10.8,0.048,55,149,0.9937,3.09,0.59,10.9666666666667,good
7.3,0.145,0.33,1.1,0.042,14,64,0.99012,3.1,0.37,11.8,good
8,0.27,0.24,1.2,0.044,20,102,0.9929,3.28,0.42,10.9,not good
7.6,0.33,0.41,13.7,0.045,44,197,0.9989,3.18,0.64,9.1,not good
7.1,0.14,0.4,1.2,0.051,55,136,0.9932,3.3,0.96,9.8,good
7.4,0.31,0.26,8.6,0.048,47,206,0.9964,3.26,0.36,9.1,not good
7.2,0.19,0.31,6.3,0.034,17,103,0.99305,3.15,0.52,11.4,good
7.3,0.22,0.37,14.3,0.063,48,191,0.9978,2.89,0.38,9,good
7.1,0.26,0.31,2.2,0.044,29,128,0.9937,3.34,0.64,10.9,good
7.2,0.39,0.63,11,0.044,55,156,0.9974,3.09,0.44,8.7,good
7.7,0.23,0.31,10.7,0.038,59,186,0.9969,3.12,0.55,9.5,good
6.2,0.28,0.43,13,0.039,64,233,0.99745,3.08,0.38,8.9,not good
7.1,0.26,0.3,2,0.031,13,128,0.9917,3.19,0.49,11.4,not good
6.4,0.3,0.38,7.8,0.046,35,192,0.9955,3.1,0.37,9,not good
5.6,0.3,0.1,6.4,0.043,34,142,0.99382,3.14,0.48,9.8,not good
5.8,0.28,0.27,2.6,0.054,30,156,0.9914,3.53,0.42,12.4,not good
7.4,0.14,0.3,1.3,0.033,25,91,0.99268,3.53,0.39,10.6,good
7.3,0.26,0.24,1.7,0.05,10,112,0.99286,3.11,0.43,9.9,not good
6.9,0.25,0.27,9.05,0.039,37,128,0.9936,3.27,0.34,11.3,good
7,0.3,0.38,14.9,0.032,60,181,0.9983,3.18,0.61,9.3,good
7.9,0.18,0.37,1.2,0.04,16,75,0.992,3.18,0.63,10.8,not good
6.8,0.28,0.4,22,0.048,48,167,1.001,2.93,0.5,8.7,not good
5.7,0.45,0.42,1.1,0.051,61,197,0.9932,3.02,0.4,9,not good
5.6,0.26,0,10.2,0.038,13,111,0.99315,3.44,0.46,12.4,good
7.4,0.28,0.49,1.5,0.034,20,126,0.9918,2.98,0.39,10.6,good
8.4,0.19,0.43,2.1,0.052,20,104,0.994,2.85,0.46,9.5,not good
6.2,0.2,0.32,2.8,0.05,17,126,0.9936,3.18,0.55,9.4,good
7,0.32,0.31,6.4,0.031,38,115,0.99235,3.38,0.58,12.2,good
6.5,0.26,0.34,1.4,0.04,25,184,0.99216,3.29,0.46,10.7,not good
6.4,0.4,0.19,3.2,0.033,28,124,0.9904,3.22,0.54,12.7,good
6.9,0.19,0.49,6.6,0.036,49,172,0.9932,3.2,0.27,11.5,good
6.9,0.39,0.22,4.3,0.03,10,102,0.993,3,0.87,11.6,not good
5.6,0.28,0.27,3.9,0.043,52,158,0.99202,3.35,0.44,10.7,good
6.3,0.19,0.28,1.8,0.022,28,158,0.9907,3.2,0.64,11.4,good
6.8,0.21,0.37,7,0.038,27,107,0.99206,2.98,0.82,11.5,good
7.4,0.16,0.3,13.7,0.056,33,168,0.99825,2.9,0.44,8.7,good
6.4,0.145,0.49,5.4,0.048,54,164,0.9946,3.56,0.44,10.8,good
6.8,0.11,0.27,8.6,0.044,45,104,0.99454,3.2,0.37,9.9,good
6,0.36,0.16,6.3,0.036,36,191,0.9942,3.17,0.62,9.8,not good
6.7,0.27,0.3,13.9,0.029,34,131,0.9953,3.36,0.5,12,good
8,0.27,0.33,1.2,0.05,41,103,0.99002,3,0.45,12.4,good
5.4,0.46,0.15,2.1,0.026,29,130,0.98953,3.39,0.77,13.4,good
6.8,0.24,0.31,18.3,0.046,40,142,1,3.3,0.41,8.7,not good
7.4,0.18,0.24,1.4,0.047,21,106,0.99383,3.52,0.64,10.5,good
6.2,0.25,0.44,15.8,0.057,39,167,0.99804,3.14,0.51,9.2,not good
5.5,0.28,0.21,1.6,0.032,23,85,0.99027,3.42,0.42,12.5,not good
6.5,0.44,0.49,7.7,0.045,16,169,0.9957,3.11,0.37,8.7,good
6.4,0.17,0.32,2.4,0.048,41,200,0.9938,3.5,0.5,9.7,good
6.4,0.22,0.34,1.4,0.023,56,115,0.98958,3.18,0.7,11.7,good
6.8,0.22,0.35,5.5,0.043,21,114,0.9938,3.3,0.53,10.7,good
7,0.18,0.49,5.3,0.04,34,125,0.9914,3.24,0.4,12.2,good
6,0.26,0.32,3.8,0.029,48,180,0.99011,3.15,0.34,12,good
6.6,0.22,0.34,11.6,0.05,59,140,0.99526,3.22,0.4,10.8,not good
6.7,0.105,0.32,12.4,0.051,34,106,0.998,3.54,0.45,9.2,good
6.8,0.34,0.27,5.2,0.06,14,169,0.99252,3.27,0.57,11.6,good
7.3,0.25,0.36,13.1,0.05,35,200,0.9986,3.04,0.46,8.9,good
5.6,0.28,0.4,6.1,0.034,36,118,0.99144,3.21,0.43,12.1,good
7.2,0.19,0.27,11.2,0.061,46,149,0.99772,2.99,0.59,9.3,good
6.1,0.23,0.45,10.6,0.094,49,169,0.99699,3.05,0.54,8.8,not good
6.8,0.28,0.17,13.9,0.047,49,162,0.9983,3.21,0.51,9,good
6.9,0.32,0.13,7.8,0.042,11,117,0.996,3.23,0.37,9.2,not good
6.1,0.6,0,1.3,0.042,24,79,0.9937,3.31,0.38,9.4,not good
7.2,0.26,0.3,2.1,0.033,50,158,0.9909,3.33,0.43,12.1,good
6.1,0.33,0.32,7.8,0.052,52,183,0.99657,3.39,0.65,9.5,not good
8.6,0.26,0.41,2.2,0.049,29,111,0.9941,2.96,0.44,10,not good
6.1,0.28,0.16,1.3,0.06,36,126,0.99353,3.13,0.46,8.7,good
7.4,0.17,0.29,1.4,0.047,23,107,0.9939,3.52,0.65,10.4,good
5.6,0.49,0.13,4.5,0.039,17,116,0.9907,3.42,0.9,13.7,good
7.1,0.85,0.49,8.7,0.028,40,184,0.9962,3.22,0.36,10.7,not good
8,0.3,0.49,9.4,0.046,47,188,0.9964,3.14,0.48,10,not good
5.7,0.44,0.13,7,0.025,28,173,0.9913,3.33,0.48,12.5,good
6.9,0.25,0.3,4.1,0.054,23,116,0.994,2.99,0.38,9.4,good
6.6,0.38,0.29,2.4,0.136,15,93,0.99336,3.18,0.6,9.5,not good
6.9,0.23,0.33,12.8,0.056,44,169,0.998,3.42,0.42,9.8,good
5.8,0.38,0.26,1.1,0.058,20,140,0.99271,3.27,0.43,9.7,good
8.2,0.22,0.49,9.6,0.037,53,154,0.9951,3.02,0.33,10.6,good
8.3,0.49,0.23,6.65,0.034,6,158,0.99344,3.05,0.48,11.2,not good
7.6,0.29,0.26,6.5,0.042,32,160,0.9944,3.14,0.47,10.7,not good
7.6,0.16,0.41,1.9,0.047,27,151,0.9937,3.2,0.53,10.1,good
5.9,0.29,0.16,7.9,0.044,48,197,0.99512,3.21,0.36,9.4,not good
6.8,0.18,0.3,12.8,0.062,19,171,0.99808,3,0.52,9,good
6.5,0.17,0.33,1.4,0.028,14,99,0.9928,3.23,0.55,10.1,good
9.2,0.22,0.4,2.4,0.054,18,151,0.9952,3.04,0.46,9.3,not good
7.6,0.29,0.58,17.5,0.041,51,225,0.9997,3.16,0.66,9.5,good
7.2,0.08,0.49,1.3,0.05,18,148,0.9945,3.46,0.44,10.2,good
7.8,0.26,0.74,7.5,0.044,59,160,0.996,3.22,0.64,10,good
6.5,0.32,0.3,2.3,0.051,20,127,0.98964,3.13,0.52,12.8,good
6,0.27,0.31,5,0.043,54,170,0.9924,3.28,0.52,11,good
7.4,0.19,0.3,12.8,0.053,48.5,229,0.9986,3.14,0.49,9.1,good
7,0.23,0.26,7.2,0.041,21,90,0.99509,3.22,0.55,9.5,good
6.2,0.32,0.24,4.1,0.051,34,149,0.99306,3.36,0.52,11,not good
7.3,0.31,0.69,10.2,0.041,58,160,0.9977,3.06,0.45,8.6,not good
6.8,0.16,0.29,10.4,0.046,59,143,0.99518,3.2,0.4,10.8,good
6.8,0.27,0.37,8.2,0.055,52,192,0.99586,3.11,0.52,9.5,good
5.9,0.46,0.14,2.7,0.042,27,160,0.9931,3.46,0.51,10.6,good
6.9,0.38,0.28,8.3,0.062,22,166,0.99506,3.16,0.72,10.6,not good
6.4,0.29,0.21,9.65,0.041,36,119,0.99334,2.99,0.34,10.9333333333333,good
6.7,0.31,0.3,2.1,0.038,18,130,0.9928,3.36,0.63,10.6,good
5.6,0.295,0.2,2.2,0.049,18,134,0.99378,3.21,0.68,10,not good
6,0.21,0.34,2,0.042,63,123,0.99052,3.44,0.42,11.4,good
8.1,0.29,0.49,7.1,0.042,22,124,0.9944,3.14,0.41,10.8,good
5.1,0.35,0.26,6.8,0.034,36,120,0.99188,3.38,0.4,11.5,good
5.8,0.345,0.15,10.8,0.033,26,120,0.99494,3.25,0.49,10,good
6.9,0.38,0.29,13.65,0.048,52,189,0.99784,3,0.6,9.5,good
7.5,0.21,0.34,1.2,0.06,26,111,0.9931,3.51,0.47,10.7,good
6.4,0.18,0.35,1,0.045,39,108,0.9911,3.31,0.35,10.9,good
7.8,0.43,0.49,13,0.033,37,158,0.9955,3.14,0.35,11.3,good
6.1,0.27,0.31,1.5,0.035,17,83,0.99076,3.32,0.44,11.1,good
6.3,0.28,0.22,11.5,0.036,27,150,0.99445,3,0.33,10.6,good
5.7,0.28,0.28,2.2,0.019,15,65,0.9902,3.06,0.52,11.2,good
7.2,0.22,0.28,7.2,0.06,41,132,0.9935,3.08,0.59,11.3,good
6.5,0.08,0.33,1.9,0.028,23,93,0.991,3.34,0.7,12,good
6.6,0.32,0.41,7.2,0.048,55,178,0.99537,3.2,0.46,9.4,not good
9,0.43,0.3,1.5,0.05,7,175,0.9951,3.11,0.45,9.7,not good
6,0.29,0.21,1.3,0.055,42,168,0.9914,3.32,0.43,11.1,good
6,0.28,0.52,6.2,0.028,37,104,0.99161,3.28,0.51,11.8,good
7.5,0.21,0.29,1.5,0.046,35,107,0.99123,3.15,0.45,11.3,good
6.1,0.32,0.37,1.8,0.051,13,200,0.9945,3.49,0.44,10.5,not good
6.2,0.16,0.34,1.7,0.038,85,153,0.9909,3.33,0.86,12,good
8.6,0.485,0.29,4.1,0.026,19,101,0.9918,3.01,0.38,12.4,not good
8.3,0.28,0.45,7.8,0.059,32,139,0.9972,3.33,0.77,11.2,good
6.6,0.28,0.28,8.5,0.052,55,211,0.9962,3.09,0.55,8.9,good
6.7,0.13,0.57,6.6,0.056,60,150,0.99548,2.96,0.43,9.4,good
6,0.38,0.26,3.5,0.035,38,111,0.98872,3.18,0.47,13.6,good
7.6,0.37,0.34,3.2,0.028,42,162,0.9903,3.01,0.33,12.4,good
6.2,0.19,0.38,5.1,0.019,22,82,0.98961,3.05,0.36,12.5,good
7,0.33,0.32,1.2,0.053,38,138,0.9906,3.13,0.28,11.2,good
6.2,0.21,0.26,13.1,0.05,59,150,0.99772,3.31,0.46,9,not good
7.1,0.14,0.35,1.4,0.039,24,128,0.99212,2.97,0.68,10.4,not good
5,0.33,0.23,11.8,0.03,23,158,0.99322,3.41,0.64,11.8,good
7.9,0.16,0.3,7.4,0.05,58,152,0.99612,3.12,0.37,9.5,good
7.4,0.29,0.29,1.6,0.045,53,180,0.9936,3.34,0.68,10.5,good
6,0.28,0.29,19.3,0.051,36,174,0.99911,3.14,0.5,9,not good
6.3,0.27,0.23,2.9,0.047,13,100,0.9936,3.28,0.43,9.8,not good
7,0.3,0.27,1.5,0.076,24,145,0.99344,3.1,0.52,10.1,not good
7.2,0.24,0.4,1.4,0.045,31,106,0.9914,2.88,0.38,10.8,good
8.8,0.34,0.33,9.7,0.036,46,172,0.9966,3.08,0.4,10.2,not good
6.9,0.23,0.41,8,0.03,30,114,0.99368,3.22,0.54,11,good
6.6,0.23,0.2,11.4,0.044,45,131,0.99604,2.96,0.51,9.7,good
6.4,0.22,0.31,13.9,0.04,57,135,0.99672,3.21,0.38,10.7,not good
6.4,0.24,0.32,14.9,0.047,54,162,0.9968,3.28,0.5,10.2,good
7,0.17,0.36,6.4,0.055,42,123,0.99318,3.11,0.5,11,good
6.6,0.34,0.4,8.1,0.046,68,170,0.99494,3.15,0.5,9.53333333333333,good
6.2,0.21,0.28,5.7,0.028,45,121,0.99168,3.21,1.08,12.15,good
7.1,0.25,0.31,2.3,0.05,32,156,0.9914,3.14,0.51,11.4,good
6,0.37,0.32,1,0.053,31,218.5,0.9924,3.29,0.72,9.8,good
6.4,0.26,0.3,2.2,0.025,33,134,0.992,3.21,0.47,10.6,good
8.1,0.19,0.58,16.65,0.049,48,181,1.0006,3.2,0.62,9.1,good
6,0.41,0.21,1.9,0.05,29,122,0.9928,3.42,0.52,10.5,good
6.4,0.2,0.28,2.5,0.032,24,84,0.99168,3.31,0.55,11.5,not good
8.3,0.2,0.74,4.45,0.044,33,130,0.9924,3.25,0.42,12.2,good
6.4,0.35,0.2,5.7,0.034,18,117,0.9944,3.33,0.43,10.1,not good
7.2,0.23,0.32,8.5,0.058,47,186,0.9956,3.19,0.4,9.9,good
5.4,0.53,0.16,2.7,0.036,34,128,0.98856,3.2,0.53,13.2,good
6.5,0.29,0.25,2.5,0.142,8,111,0.9927,3,0.44,9.9,not good
6.6,0.58,0.3,5.1,0.057,30,123,0.9949,3.24,0.38,9,not good
7.3,0.18,0.29,1.2,0.044,12,143,0.9918,3.2,0.48,11.3,good
7.4,0.19,0.49,9.3,0.03,26,132,0.994,2.99,0.32,11,good
5.7,0.37,0.3,1.1,0.029,24,88,0.98883,3.18,0.39,11.7,good
7.9,0.345,0.51,15.3,0.047,54,171,0.9987,3.09,0.51,9.1,not good
8.9,0.33,0.34,1.4,0.056,14,171,0.9946,3.13,0.47,9.7,not good
5.1,0.35,0.26,6.8,0.034,36,120,0.99188,3.38,0.4,11.5,good
7,0.22,0.24,11,0.041,75,167,0.99508,2.98,0.56,10.5,good
7.8,0.26,0.49,3.2,0.027,28,87,0.9919,3.03,0.32,11.3,good
6.5,0.44,0.47,5.45,0.014,44,137,0.98984,3.13,0.32,13,good
7.3,0.18,0.65,1.4,0.046,28,157,0.9946,3.33,0.62,9.4,good
6.8,0.29,0.5,13.3,0.053,48,194,0.9974,3.09,0.45,9.4,not good
7,0.16,0.25,14.3,0.044,27,149,0.998,2.91,0.46,9.2,good
7.3,0.28,0.36,12.7,0.04,38,140,0.998,3.3,0.79,9.6,good
6,0.13,0.36,1.6,0.052,23,72,0.98974,3.1,0.5,11.5,good
6.7,0.16,0.32,12.5,0.035,18,156,0.99666,2.88,0.36,9,good
6.1,0.36,0.27,2.1,0.035,16,100,0.9917,3.4,0.71,11.5,good
7,0.3,0.51,13.6,0.05,40,168,0.9976,3.07,0.52,9.6,good
6.7,0.3,0.29,2.8,0.025,37,107,0.99159,3.31,0.63,11.3,good
6.6,0.34,0.34,2.6,0.051,40.5,210,0.99314,3.15,0.61,10,not good
5.7,0.28,0.36,1.8,0.041,38,90,0.99002,3.27,0.98,11.9,good
6.9,0.33,0.31,4.2,0.04,21,93,0.9896,3.18,0.48,13.4,good
7.3,0.3,0.33,2.3,0.043,28,125,0.99084,3.34,0.44,12.6,good
5.8,0.31,0.32,4.5,0.024,28,94,0.98906,3.25,0.52,13.7,good
6.8,0.2,0.28,12.6,0.048,54,136,0.99556,3.19,0.37,10.7,good
7.1,0.18,0.39,14.5,0.051,48,156,0.99947,3.35,0.78,9.1,not good
6.6,0.34,0.24,3.3,0.034,29,99,0.99031,3.1,0.4,12.3,good
7.9,0.16,0.74,17.85,0.037,52,187,0.9998,2.99,0.41,9.3,not good
6.1,0.28,0.22,1.8,0.034,32,116,0.9898,3.36,0.44,12.6,good
6.1,0.22,0.38,2.8,0.144,12,65,0.9908,2.95,0.64,11.4,good
6,0.17,0.29,5,0.028,25,108,0.99076,3.14,0.34,12.3,good
5.4,0.27,0.22,4.6,0.022,29,107,0.98889,3.33,0.54,13.8,good
8.2,0.2,0.38,3.5,0.053,41,174,0.99306,3.22,0.41,11.6,not good
6,0.2,0.26,6.8,0.049,22,93,0.9928,3.15,0.42,11,good
8.3,0.27,0.34,10.2,0.048,50,118,0.99716,3.18,0.51,10.3,not good
7.7,0.39,0.49,7.7,0.036,11,110,0.9966,3.33,0.76,10,good
6.8,0.22,0.31,6.9,0.037,33,121,0.99176,3.02,0.39,11.9,good
8.5,0.22,0.34,0.7,0.04,5,25,0.9918,3.04,0.37,10.5,not good
5.7,0.27,0.16,9,0.053,32,111,0.99474,3.36,0.37,10.4,good
8,0.28,0.3,8.4,0.03,35,115,0.99192,2.93,0.42,12.3,good
5.9,0.24,0.28,1.3,0.032,36,95,0.98889,3.08,0.64,12.9,good
7.4,0.18,0.4,1.6,0.047,22,102,0.9937,3.28,0.44,10.7,not good
7.4,0.31,0.26,8.6,0.048,47,206,0.9964,3.26,0.36,9.1,not good
7.3,0.24,0.41,13.6,0.05,41,178,0.9988,3.37,0.43,9.7,not good
5.8,0.3,0.33,3.5,0.033,25,116,0.99057,3.2,0.44,11.7,good
5.8,0.3,0.38,4.9,0.039,22,86,0.98963,3.23,0.58,13.1,good
6.9,0.33,0.26,5,0.027,46,143,0.9924,3.25,0.43,11.2,good
5.9,0.3,0.29,1.1,0.036,23,56,0.9904,3.19,0.38,11.3,not good
6.7,0.3,0.5,12.1,0.045,38,127,0.9974,3.04,0.53,8.9,good
8.3,0.14,0.36,8.8,0.026,13,60,0.9956,3.13,0.35,11.05,not good
6.3,0.27,0.51,7.6,0.049,35,200,0.99548,3.16,0.54,9.4,not good
7.1,0.22,0.32,16.9,0.056,49,158,0.9998,3.37,0.38,9.6,good
7.3,0.2,0.44,1.4,0.045,21,98,0.9924,3.15,0.46,10,good
6.6,0.25,0.34,3,0.054,22,141,0.99338,3.26,0.47,10.4,good
7,0.31,0.29,1.4,0.037,33,128,0.9896,3.12,0.36,12.2,good
6.2,0.32,0.12,4.8,0.054,6,97,0.99424,3.16,0.5,9.3,not good
7.9,0.28,0.41,2,0.044,50,152,0.9934,3.45,0.49,10.7,good
7,0.44,0.24,12.1,0.056,68,210,0.99718,3.05,0.5,9.5,not good
6.9,0.28,0.37,9.1,0.037,16,76,0.9948,3.05,0.54,11.1,not good
6.4,0.27,0.3,1.6,0.04,19,86,0.99089,3.32,0.65,11.5,good
6.5,0.13,0.37,1,0.036,48,114,0.9911,3.41,0.51,11.5,good
6.8,0.18,0.3,12.8,0.062,19,171,0.99808,3,0.52,9,good
5.2,0.44,0.04,1.4,0.036,43,119,0.9894,3.36,0.33,12.1,good
6,0.2,0.25,2,0.041,30,95,0.99078,3.27,0.56,11.1,good
7.9,0.33,0.26,1.2,0.044,23,103,0.9932,3.19,0.54,10.5,good
7.2,0.27,0.28,15.2,0.046,6,41,0.99665,3.17,0.39,10.9,good
6.8,0.27,0.22,17.8,0.034,16,116,0.9989,3.07,0.53,9.2,not good
7,0.12,0.29,10.3,0.039,41,98,0.99564,3.19,0.38,9.8,good
6,0.31,0.27,2.3,0.042,19,120,0.98952,3.32,0.41,12.7,good
6.9,0.23,0.38,8.3,0.047,47,162,0.9954,3.34,0.52,10.5,good
8,0.22,0.28,14,0.053,83,197,0.9981,3.14,0.45,9.8,good
7.6,0.15,0.4,1.3,0.036,24,112,0.9932,3.14,0.76,10,not good
6.4,0.18,0.48,18,0.054,56,183,1.00038,2.98,0.61,8.5,good
7.2,0.28,0.54,16.7,0.045,54,200,0.999,3.08,0.49,9.5,good
5.6,0.34,0.25,2.5,0.046,47,182,0.99093,3.21,0.4,11.3,not good
6.9,0.41,0.33,10.1,0.043,28,152,0.9968,3.2,0.52,9.4,not good
6.4,0.25,0.33,1.7,0.037,35,113,0.99164,3.23,0.66,10.6,good
6.6,0.78,0.5,1.5,0.045,30,133,0.99104,3.25,0.48,11.7,not good
8.1,0.2,0.49,8.1,0.051,51,205,0.9954,3.1,0.52,11,good
6.5,0.19,0.27,4.9,0.037,13,101,0.9916,3.17,0.41,11.8,good
6.6,0.31,0.38,16.05,0.058,16,165,0.9997,3.38,0.6,9.2,not good
7.1,0.33,0.18,6.3,0.094,27,166,0.99474,2.9,0.49,9.5,not good
6.2,0.34,0.28,7.5,0.034,40,197,0.99485,3.14,0.6,9.7,not good
6.1,0.28,0.23,4.2,0.038,13,95,0.98898,2.97,0.7,13.1,good
7.2,0.22,0.35,5.5,0.054,37,183,0.99474,3.08,0.5,10.3,not good
6.8,0.34,0.69,1.3,0.058,12,171,0.9931,3.06,0.47,9.7,not good
5.9,0.655,0,5.6,0.033,8,31,0.9936,3.32,0.51,10.5,not good
5.3,0.6,0.34,1.4,0.031,3,60,0.98854,3.27,0.38,13,good
7.6,0.27,0.24,3.8,0.058,19,115,0.9958,3.15,0.45,8.9,not good
7,0.32,0.35,1.5,0.039,24,125,0.9918,3.17,0.64,12.2,good
7,0.2,0.4,1.1,0.058,30,93,0.99322,3.03,0.38,9.2,good
6.8,0.2,0.25,6.2,0.052,22,106,0.9935,3.09,0.54,10.8,not good
5.8,0.2,0.34,1,0.035,40,86,0.98993,3.5,0.42,11.7,not good
6.8,0.16,0.18,1.8,0.046,31,114,0.99226,3.27,0.55,10.8,good
5.5,0.18,0.22,5.5,0.037,10,86,0.99156,3.46,0.44,12.2,not good
7,0.39,0.31,5.3,0.169,32,162,0.9965,3.2,0.48,9.4,not good
6.7,0.28,0.34,8.9,0.048,32,111,0.99455,3.25,0.54,11,good
6.9,0.19,0.6,4,0.037,6,122,0.99255,2.92,0.59,10.4,not good
7.4,0.27,0.26,11.8,0.053,55,173,0.99699,3.11,0.6,9.8,not good
6.8,0.22,0.41,6.7,0.034,39,116,0.99245,3.18,0.46,11.5,good
9.6,0.29,0.46,1.45,0.039,77.5,223,0.9944,2.92,0.46,9.5,good
5.7,0.41,0.21,1.9,0.048,30,112,0.99138,3.29,0.55,11.2,good
6.3,0.24,0.55,8.1,0.04,67,216,0.99596,3.24,0.5,9.2,not good
6.7,0.41,0.34,9.2,0.049,29,150,0.9968,3.22,0.51,9.1,not good
6.8,0.31,0.09,1.4,0.04,56,145,0.9922,3.19,0.46,10,not good
6.5,0.33,0.28,6.1,0.018,41,103,0.99122,3.24,0.32,12.2,good
6.9,0.4,0.17,12.9,0.033,59,186,0.99754,3.08,0.49,9.4,not good
6.7,0.31,0.32,14.5,0.038,6,79,0.99412,3.14,0.34,12.5,not good
7.6,0.21,0.49,2.5,0.047,20,130,0.99178,3.15,0.48,11.1,not good
6.3,0.3,0.34,1.6,0.049,14,132,0.994,3.3,0.49,9.5,good
7.5,0.27,0.79,11.95,0.04,51,159,0.99839,2.98,0.44,8.7,not good
8.3,0.22,0.38,14.8,0.054,32,126,1.0002,3.22,0.5,9.7,not good
5.5,0.24,0.32,8.7,0.06,19,102,0.994,3.27,0.31,10.4,not good
6.5,0.18,0.41,14.2,0.039,47,129,0.99678,3.28,0.72,10.3,good
7.6,0.35,0.47,13.3,0.037,42,116,0.99822,3.04,0.5,9.2,not good
6.3,0.23,0.21,5.1,0.035,29,142,0.9942,3.36,0.33,10.1,good
8.3,0.28,0.4,7.8,0.041,38,194,0.9976,3.34,0.51,9.6,good
7.9,0.44,0.26,4.45,0.033,23,100,0.99117,3.17,0.52,12.7,good
6.3,0.32,0.26,12,0.049,63,170,0.9961,3.14,0.55,9.9,good
6.1,0.24,0.26,1.7,0.033,61,134,0.9903,3.19,0.81,11.9,good
7.5,0.14,0.74,1.6,0.035,21,126,0.9933,3.26,0.45,10.2,good
5.6,0.21,0.4,1.3,0.041,81,147,0.9901,3.22,0.95,11.6,good
8,0.23,0.37,9.6,0.054,23,159,0.99795,3.32,0.47,9.8,not good
6.9,0.3,0.3,1.3,0.053,24,186,0.99361,3.29,0.54,9.9,not good
6.6,0.62,0.2,8.7,0.046,81,224,0.99605,3.17,0.44,9.3,not good
6.6,0.32,0.22,16.7,0.046,38,133,0.9979,3.22,0.67,10.4,good
7.1,0.26,0.34,14.4,0.067,35,189,0.9986,3.07,0.53,9.1,good
7.8,0.32,0.33,10.4,0.031,47,194,0.99692,3.07,0.58,9.6,good
6.8,0.28,0.29,11.9,0.052,51,149,0.99544,3.02,0.58,10.4,good
7.8,0.25,0.37,1,0.043,10,80,0.99128,3.08,0.38,11.4,not good
6.1,0.24,0.27,9.8,0.062,33,152,0.9966,3.31,0.47,9.5,good
7,0.16,0.73,1,0.138,58,150,0.9936,3.08,0.3,9.2,not good
7.9,0.46,0.32,4.1,0.033,40,138,0.9912,3.18,0.44,12.8,good
6.6,0.21,0.31,11.4,0.039,46,165,0.99795,3.41,0.44,9.8,good
7.4,0.24,0.29,10.1,0.05,21,105,0.9962,3.13,0.35,9.5,not good
7.6,0.54,0.23,2,0.029,13,151,0.9931,3.04,0.33,10.4,not good
6.6,0.29,0.29,1.8,0.036,38,102,0.98819,3.08,0.42,13.7,good
6.3,0.18,0.22,5.6,0.047,45,147,0.99383,3.09,0.54,10,not good
7.5,0.26,0.52,13.2,0.047,64,179,0.9982,3.1,0.46,9,not good
6.9,0.2,0.3,4.7,0.041,40,148,0.9932,3.16,0.35,10.2,good
7.4,0.22,0.26,1.2,0.035,18,97,0.99245,3.12,0.41,9.7,good
6,0.28,0.24,17.8,0.047,42,111,0.99896,3.1,0.45,8.9,good
5.7,0.28,0.24,17.5,0.044,60,167,0.9989,3.31,0.44,9.4,not good
6.2,0.3,0.32,1.2,0.052,32,185,0.99266,3.28,0.44,10.1,not good
6.2,0.28,0.22,7.3,0.041,26,157,0.9957,3.44,0.64,9.8,good
6.5,0.28,0.34,9.9,0.038,30,133,0.9954,3.11,0.44,9.8,not good
7.7,0.34,0.58,11.1,0.039,41,151,0.9978,3.06,0.49,8.6,not good
6.8,0.21,0.42,1.2,0.045,24,126,0.99234,3.09,0.87,10.9,good
6.3,0.24,0.35,2.3,0.039,43,109,0.99056,3.34,0.44,11.8,good
7.3,0.13,0.27,4.6,0.08,34,172,0.9938,3.23,0.39,11.1,good
5.6,0.34,0.3,6.9,0.038,23,89,0.99266,3.25,0.49,11.1,good
6.7,0.28,0.42,3.5,0.035,43,105,0.99021,3.18,0.38,12.2,good
7,0.29,0.26,1.6,0.044,12,87,0.9923,3.08,0.46,10.5,good
8.9,0.3,0.35,4.6,0.032,32,148,0.99458,3.15,0.45,11.5,good
7,0.34,0.1,3.5,0.044,17,63,0.9937,3.01,0.39,9.2,not good
6.4,0.24,0.28,11.5,0.05,34,163,0.9969,3.31,0.45,9.5,not good
6.6,0.24,0.33,10.1,0.032,8,81,0.99626,3.19,0.51,9.8,good
5.4,0.375,0.4,3.3,0.054,29,147,0.99482,3.42,0.52,9.1,not good
5.7,0.695,0.06,6.8,0.042,9,84,0.99432,3.44,0.44,10.2,not good
7.5,0.38,0.56,9.7,0.055,15,170,0.99605,3.13,0.65,9.9,good
6.5,0.22,0.25,17.1,0.05,44,138,1.0001,3.3,0.37,8.8,not good
7.5,0.26,0.26,18.35,0.084,33,139,1.0011,3.17,0.39,8.8,not good
7.4,0.24,0.42,14,0.066,48,198,0.9979,2.89,0.42,8.9,good
7.1,0.2,0.31,7.4,0.053,32,211,0.99587,3.31,0.59,10.4,good
7.7,0.39,0.28,4.9,0.035,36,109,0.9918,3.19,0.58,12.2,good
6.7,0.22,0.39,1.2,0.049,26,152,0.99346,3.5,0.47,10,good
6.3,0.26,0.29,2.2,0.043,35,175,0.9918,3.38,0.43,11.6,good
7,0.28,0.28,1.4,0.039,12,83,0.99173,3.18,0.65,11.1,not good
6,0.23,0.15,9.7,0.048,101,207,0.99571,3.05,0.3,9.1,not good
6.5,0.43,0.28,11.25,0.032,31,87,0.9922,3.02,0.38,12.4,good
6.4,0.17,0.27,6.7,0.036,88,223,0.9948,3.28,0.35,10.2,good
7.4,0.29,0.48,12.8,0.037,61.5,182,0.99808,3.02,0.34,8.8,not good
8.2,0.2,0.49,3.5,0.057,14,108,0.9928,3.19,0.35,11.5,good
3.8,0.31,0.02,11.1,0.036,20,114,0.99248,3.75,0.44,12.4,good
3.9,0.225,0.4,4.2,0.03,29,118,0.989,3.57,0.36,12.8,good
7.5,0.24,0.31,13.1,0.05,26,180,0.99884,3.05,0.53,9.1,good
6.4,0.18,0.48,4,0.186,64,150,0.9945,3.06,0.4,9.3,not good
6.5,0.36,0.31,13.55,0.053,20,113,0.99544,3.2,0.56,11,good
6.4,0.44,0.26,2,0.054,20,180,0.9952,3.58,0.57,10,not good
6.2,0.3,0.17,2.8,0.04,24,125,0.9939,3.01,0.46,9,not good
7,0.21,0.37,7.2,0.042,36,167,0.9958,3.26,0.56,9.8,good
7.4,0.24,0.31,8.4,0.045,52,183,0.9963,3.09,0.32,8.8,not good
7.4,0.16,0.49,1.2,0.055,18,150,0.9917,3.23,0.47,11.2,good
8.5,0.25,0.27,4.7,0.031,31,92,0.9922,3.01,0.33,12,good
8.7,0.3,0.34,4.8,0.018,23,127,0.99474,3.12,0.49,11.2,good
7.6,0.26,0.36,1.6,0.032,6,106,0.993,3.15,0.4,10.4,not good
6.6,0.18,0.28,1.7,0.041,53,161,0.99207,3.13,0.45,10.2,good
8.2,0.37,0.64,13.9,0.043,22,171,0.99873,2.99,0.8,9.3,not good
7.9,0.42,0.49,8.2,0.056,32,164,0.9965,3.29,0.6,11.2,good
6.6,0.21,0.49,18.15,0.042,41,158,0.9997,3.28,0.39,8.7,good
7.1,0.17,0.4,14.55,0.047,47,156,0.99945,3.34,0.78,9.1,good
6.8,0.26,0.34,13.9,0.034,39,134,0.9949,3.33,0.53,12,good
7.1,0.24,0.41,17.8,0.046,39,145,0.9998,3.32,0.39,8.7,not good
6.5,0.48,0.02,0.9,0.043,32,99,0.99226,3.14,0.47,9.8,not good
7.1,0.2,0.31,6.85,0.053,32,211,0.99587,3.31,0.59,10.4,good
6.6,0.23,0.3,4.6,0.06,29,154,0.99142,3.23,0.49,12.2,good
6.6,0.425,0.25,2.35,0.034,23,87,0.99082,3.05,0.41,11.4,good
7.3,0.24,0.39,17.95,0.057,45,149,0.9999,3.21,0.36,8.6,not good
6.3,0.23,0.5,10.4,0.043,61,132,0.99542,2.86,0.46,9.1,good
8.6,0.33,0.34,11.8,0.059,42,240,0.99882,3.17,0.52,10,good
6.5,0.22,0.34,12,0.053,55,177,0.9983,3.52,0.44,9.9,good
7.5,0.26,0.3,4.6,0.027,29,92,0.99085,3.15,0.38,12,good
6.4,0.41,0.01,6.1,0.048,20,70,0.99362,3.19,0.42,10,not good
8.5,0.19,0.49,3.5,0.044,29,117,0.9938,3.14,0.51,10.1,good
7.4,0.27,0.26,11.8,0.053,55,173,0.99699,3.11,0.6,9.8,not good
5.8,0.13,0.22,12.7,0.058,24,183,0.9956,3.32,0.42,11.7,good
6.2,0.22,0.3,12.4,0.054,108,152,0.99728,3.1,0.47,9.5,good
6.9,0.19,0.35,13.5,0.038,49,118,0.99546,3,0.63,10.7,good
7.2,0.2,0.31,10,0.054,49,165,0.997,3.4,0.42,9.9,good
6,0.2,0.71,1.6,0.15,10,54,0.9927,3.12,0.47,9.8,not good
6.1,0.17,0.28,2.5,0.028,22,98,0.99072,3.16,0.37,11.1,good
6.9,0.4,0.37,8.9,0.053,36,148,0.996,3.16,0.5,9.3,not good
5.9,0.21,0.23,7.9,0.033,22,130,0.9944,3.38,0.59,10.9,good
7.1,0.23,0.3,2.6,0.034,62,148,0.99121,3.03,0.56,11.3,good
7.9,0.27,0.27,1.7,0.034,25,122,0.99088,2.97,0.51,11.9,good
7.8,0.28,0.25,3.4,0.024,27,99,0.98959,2.98,0.37,13,good
5.8,0.3,0.12,1.6,0.036,57,163,0.99239,3.38,0.59,10.5,good
6,0.26,0.15,1.3,0.06,51,154,0.99354,3.14,0.51,8.7,not good
7.5,0.19,0.34,2.6,0.037,33,125,0.9923,3.1,0.49,11.1,good
6.5,0.34,0.28,1.8,0.041,43,188,0.9928,3.13,0.37,9.6,good
6,0.2,0.26,6.8,0.049,22,93,0.9928,3.15,0.42,11,good
8.1,0.2,0.28,0.9,0.023,49,87,0.99062,2.92,0.36,11.1,good
7.5,0.23,0.29,2.6,0.031,24,98,0.99194,3,0.54,10.9,good
6.7,0.3,0.5,12.1,0.045,38,127,0.9974,3.04,0.53,8.9,good
8.5,0.32,0.36,14.9,0.041,47,190,0.9982,3.08,0.31,10,good
7.2,0.37,0.15,2,0.029,27,87,0.9903,3.3,0.59,12.6,good
6.5,0.24,0.28,1.1,0.034,26,83,0.98928,3.25,0.33,12.3,good
6.4,0.38,0.2,5.3,0.117,57,181,0.99459,3.24,0.43,9.5,good
6.8,0.19,0.33,4.9,0.047,42,130,0.99283,3.12,0.56,11,good
6.7,0.16,0.32,12.5,0.035,18,156,0.99666,2.88,0.36,9,good
7.8,0.43,0.49,13,0.033,37,158,0.9955,3.14,0.35,11.3,good
5.9,0.35,0.47,2.2,0.11,14,138,0.9932,3.09,0.5,9.1,not good
6.4,0.28,0.41,6.8,0.045,61,216,0.9952,3.09,0.46,9.4,not good
6.4,0.27,0.45,8.3,0.05,52,196,0.9955,3.18,0.48,9.5,not good
6.2,0.3,0.31,1.2,0.048,19,125,0.98999,3.32,0.54,12.6,good
6.5,0.26,0.34,1.4,0.04,25,184,0.99216,3.29,0.46,10.7,not good
7.3,0.22,0.37,14.3,0.063,48,191,0.9978,2.89,0.38,9,good
7.6,0.31,0.49,13.4,0.062,50,191,0.9989,3.22,0.53,9,not good
6.1,0.16,0.24,1.4,0.046,17,77,0.99319,3.66,0.57,10.3,good
9.2,0.34,0.54,17.3,0.06,46,235,1.00182,3.08,0.61,8.8,good
7.9,0.22,0.45,14.2,0.038,53,141,0.9992,3.03,0.46,9.2,good
8.5,0.2,0.4,1.1,0.046,31,106,0.99194,3,0.35,10.5,not good
7,0.24,0.3,4.2,0.04,41,213,0.9927,3.28,0.49,11.8,good
6.6,0.23,0.3,14.9,0.051,33,118,0.99835,3.04,0.54,9,good
6.9,0.28,0.28,12.2,0.042,52,139,0.99522,3.03,0.56,10.4,good
9.7,0.24,0.45,1.2,0.033,11,59,0.9926,2.74,0.47,10.8,good
7.3,0.22,0.4,14.75,0.042,44.5,129.5,0.9998,3.36,0.41,9.1,good
7.3,0.19,0.24,6.3,0.054,34,231,0.9964,3.36,0.54,10,good
9.8,0.36,0.46,10.5,0.038,4,83,0.9956,2.89,0.3,10.1,not good
7.1,0.27,0.27,10.4,0.041,26,114,0.99335,3.04,0.52,11.5,good
6.4,0.37,0.37,4.85,0.041,39.5,216.5,0.99432,3.1,0.5,9.8,good
6,0.13,0.28,5.7,0.038,56,189.5,0.9948,3.59,0.43,10.6,good
5.8,0.14,0.15,6.1,0.042,27,123,0.99362,3.06,0.6,9.9,good
8.1,0.26,0.37,1.9,0.072,48,159,0.9949,3.37,0.7,10.9,good
6.3,0.48,0.04,1.1,0.046,30,99,0.9928,3.24,0.36,9.6,good
8.5,0.17,0.74,3.6,0.05,29,128,0.9928,3.28,0.4,12.4,good
6.4,0.25,0.57,1,0.062,21,122,0.99238,3,0.4,9.5,not good
6.3,0.28,0.3,3.1,0.039,24,115,0.9942,3.05,0.43,8.6,not good
5.8,0.33,0.2,16.05,0.047,26,166,0.9976,3.09,0.46,8.9,not good
6.3,0.36,0.5,8.3,0.053,51,202,0.9955,3.2,0.51,9.6,good
7.3,0.22,0.31,2.3,0.018,45,80,0.98936,3.06,0.34,12.9,good
7.4,0.41,0.34,4.7,0.042,19,127,0.9953,3.25,0.42,10.4,not good
6.5,0.18,0.41,14.2,0.039,47,129,0.99678,3.28,0.72,10.3,good
7.5,0.23,0.68,11,0.047,37,133,0.9978,2.99,0.38,8.8,not good
6.4,0.24,0.26,8.2,0.054,47,182,0.99538,3.12,0.5,9.5,not good
8.9,0.27,0.34,10.7,0.029,19.5,166,0.99669,3.13,0.48,10.6,not good
6.8,0.28,0.36,7,0.043,60,207,0.99556,3.16,0.49,9.6,good
7.1,0.45,0.24,2.7,0.04,24,87,0.98862,2.94,0.38,13.4,good
6.4,0.16,0.42,1,0.036,29,113,0.9908,3.18,0.52,11,good
6.3,0.17,0.32,4.2,0.04,37,117,0.99182,3.24,0.43,11.3,good
7.2,0.2,0.61,16.2,0.043,14,103,0.9987,3.06,0.36,9.2,good
6.4,0.43,0.27,1.1,0.054,5,110,0.9939,3.24,0.52,9.1,not good
8.4,0.19,0.42,1.6,0.047,9,101,0.994,3.06,0.65,11.1,not good
6.5,0.22,0.72,6.8,0.042,33,168,0.9958,3.12,0.36,9.2,good
8.7,0.31,0.73,14.35,0.044,27,191,1.00013,2.96,0.88,8.7,not good
6,0.24,0.27,1.9,0.048,40,170,0.9938,3.64,0.54,10,good
7.4,0.37,0.35,5.7,0.061,12,94,0.9965,3.48,0.69,10.7,good
7.4,0.18,0.34,2.7,0.03,30,107,0.992,2.97,0.53,11,good
7.1,0.38,0.4,2.2,0.042,54,201,0.99177,3.03,0.5,11.4,not good
7.4,0.23,0.38,8.6,0.052,41,150,0.99534,3.06,0.46,10.3,not good
6.7,0.15,0.32,7.9,0.034,17,81,0.99512,3.29,0.31,10,good
6.9,0.32,0.26,2.3,0.03,11,103,0.99106,3.06,0.42,11.1,good
6.2,0.39,0.24,4.8,0.037,45,138,0.99174,3.23,0.43,11.2,good
8.1,0.5,0.47,1.1,0.037,23,126,0.9938,3.21,0.42,10.9,not good
7.1,0.44,0.62,11.8,0.044,52,152,0.9975,3.12,0.46,8.7,good
6.6,0.21,0.36,0.8,0.034,48,113,0.99165,3.24,0.68,10.5,good
7.8,0.29,0.29,3.15,0.044,41,117,0.99153,3.24,0.35,11.5,not good
6.8,0.41,0.3,8.8,0.045,28,131,0.9953,3.12,0.59,9.9,not good
6.1,0.36,0.58,15,0.044,42,115,0.9978,3.15,0.51,9,not good
6.4,0.25,0.33,1.4,0.04,42,115,0.9906,3.19,0.48,11.3,good
6,0.555,0.26,4.5,0.053,17,126,0.9943,3.24,0.46,9.1,not good
6.8,0.39,0.35,11.6,0.044,57,220,0.99775,3.07,0.53,9.3,not good
8.1,0.28,0.34,1.3,0.035,11,126,0.99232,3.14,0.5,9.8,good
8,0.23,0.46,1.5,0.03,30,125,0.9907,3.23,0.47,12.5,good
7.3,0.19,0.25,1.4,0.051,41,107,0.99382,3.53,0.66,10.5,good
6.6,0.25,0.36,8.1,0.045,54,180,0.9958,3.08,0.42,9.2,not good
6.9,0.18,0.38,6.5,0.039,20,110,0.9943,3.1,0.42,10.5,not good
6,0.2,0.24,1.8,0.03,30,105,0.9909,3.31,0.47,11.5,good
7.7,0.34,0.3,8,0.048,25,192,0.9951,2.97,0.47,10.9,not good
6.2,0.36,0.14,8.9,0.036,38,155,0.99622,3.27,0.5,9.4,not good
6.1,0.27,0.28,9.8,0.042,61,125,0.99532,3.14,0.42,10.2,good
7.8,0.26,0.27,1.9,0.051,52,195,0.9928,3.23,0.5,10.9,good
7.2,0.25,0.28,14.4,0.055,55,205,0.9986,3.12,0.38,9,good
8.2,0.22,0.3,1.8,0.047,47,185,0.9933,3.13,0.5,10.2,good
7,0.15,0.28,14.7,0.051,29,149,0.99792,2.96,0.39,9,good
6.2,0.33,0.14,4.8,0.052,27,128,0.99475,3.21,0.48,9.4,not good
7.1,0.27,0.27,10.4,0.041,26,114,0.99335,3.04,0.52,11.5,good
6.6,0.19,0.41,8.9,0.046,51,169,0.9954,3.14,0.57,9.8,good
7.3,0.19,0.27,13.9,0.057,45,155,0.99807,2.94,0.41,8.8,good
7.2,0.23,0.32,8.5,0.058,47,186,0.9956,3.19,0.4,9.9,good
7.9,0.22,0.49,3.8,0.042,26,105,0.993,3.1,0.39,10.5,not good
6.9,0.21,0.33,1.4,0.056,35,136,0.9938,3.63,0.78,10.3,good
6.5,0.24,0.36,2.2,0.027,36,134,0.9898,3.28,0.36,12.5,good
6.7,0.11,0.26,14.8,0.053,44,95,0.99676,3.2,0.35,9.8,good
8.4,0.2,0.38,11.8,0.055,51,170,1.0004,3.34,0.82,8.9,good
5.8,0.29,0.21,2.6,0.025,12,120,0.9894,3.39,0.79,14,good
9,0.55,0.3,8.1,0.026,14,71,0.993,2.94,0.36,11.8,not good
8,0.25,0.27,9.7,0.036,15,85,0.99406,2.99,0.36,11.2,good
7,0.22,0.26,9.2,0.027,37,122,0.99228,3.06,0.34,12.5,good
7.2,0.23,0.82,1.3,0.149,70,109,0.99304,2.93,0.42,9.2,good
7.4,0.2,0.37,16.95,0.048,43,190,0.9995,3.03,0.42,9.2,good
6.9,0.21,0.33,1.8,0.034,48,136,0.9899,3.25,0.41,12.6,good
6.5,0.39,0.81,1.2,0.217,14,74,0.9936,3.08,0.53,9.5,not good
6.9,0.4,0.43,6.2,0.065,42,178,0.99552,3.11,0.53,9.4,not good
7,0.15,0.38,15.3,0.045,54,120,0.9975,3.18,0.42,9.8,good
5.8,0.29,0.38,10.7,0.038,49,136,0.99366,3.11,0.59,11.2,good
7.2,0.32,0.3,8.25,0.02,14,104,0.99362,2.99,0.44,11.4,good
8.6,0.34,0.36,1.4,0.045,11,119,0.99556,3.17,0.47,9.4,not good
7.5,0.18,0.39,1.9,0.054,23,91,0.9941,3.27,0.45,10.3,good
7.4,0.27,0.26,11.8,0.053,55,173,0.99699,3.11,0.6,9.8,not good
7.6,0.26,0.32,1.3,0.048,23,76,0.9903,2.96,0.46,12,good
6.5,0.17,0.31,1.5,0.041,34,121,0.99092,3.06,0.46,10.5,good
7.2,0.31,0.41,8.6,0.053,15,89,0.9976,3.29,0.64,9.9,good
7.9,0.18,0.49,5.2,0.051,36,157,0.9953,3.18,0.48,10.6,good
6.8,0.27,0.29,4.6,0.046,6,88,0.99458,3.34,0.48,10.6,not good
7.2,0.3,0.3,8.7,0.022,14,111,0.99576,3.11,0.61,10.6,not good
6.7,0.2,0.24,6.5,0.044,28,100,0.99348,3.12,0.33,10.2,good
6.4,0.55,0.26,9.6,0.027,20,104,0.9924,3.22,0.73,13.1,good
5.7,0.2,0.3,2.5,0.046,38,125,0.99276,3.34,0.5,9.9,good
6.4,0.24,0.5,11.6,0.047,60,211,0.9966,3.18,0.57,9.3,not good
8.3,0.4,0.41,8.2,0.05,15,122,0.9979,3.39,0.49,9.3,not good
6.2,0.2,0.33,5.4,0.028,21,75,0.99012,3.36,0.41,13.5,good
7.1,0.33,0.64,13.2,0.056,12,105,0.9972,3.05,0.39,9.2,not good
6.4,0.31,0.31,12.9,0.045,55,161,0.99546,3.02,0.59,10.2,not good
6.1,0.22,0.23,3.1,0.052,15,104,0.9948,3.14,0.42,8.7,not good
7.6,0.52,0.49,14,0.034,37,156,0.9958,3.14,0.38,11.8,good
6.9,0.19,0.38,1.15,0.023,30,105,0.99047,3.11,0.38,11.4,not good
6.3,0.21,0.31,1.2,0.043,30,117,0.99158,3.49,0.68,11,good
7.3,0.22,0.41,15.4,0.05,55,191,1,3.32,0.59,8.9,good
6,0.34,0.29,6.1,0.046,29,134,0.99462,3.48,0.57,10.7,good
6.8,0.24,0.34,4.6,0.032,37,135,0.9927,3.2,0.39,10.6,not good
6,0.28,0.27,4.1,0.046,50,147,0.99126,3.27,0.56,11.6,good
6.6,0.26,0.38,6.5,0.17,68,201,0.9956,3.19,0.38,9.4,good
6,0.26,0.15,1.2,0.053,35,124,0.99347,3.08,0.46,8.8,not good
6,0.36,0.39,3.2,0.027,20,125,0.991,3.38,0.39,11.3,good
6.4,0.105,0.29,1.1,0.035,44,140,0.99142,3.17,0.55,10.7,good
4.8,0.34,0,6.5,0.028,33,163,0.9939,3.36,0.61,9.9,good
5.8,0.19,0.24,1.3,0.044,38,128,0.99362,3.77,0.6,10.6,not good
6.8,0.18,0.28,9.8,0.039,29,113,0.99406,3.11,0.45,10.9,good
6.5,0.25,0.27,17.4,0.064,29,140,0.99776,3.2,0.49,10.1,good
4.7,0.785,0,3.4,0.036,23,134,0.98981,3.53,0.92,13.8,good
7.7,0.17,0.52,5.9,0.017,21,84,0.9929,3.14,0.4,11.9,good
7,0.29,0.49,3.8,0.047,37,136,0.9938,2.95,0.4,9.4,good
6.9,0.75,0.13,6.3,0.036,19,50,0.99312,3.09,0.25,11.1,not good
8.3,0.3,0.36,10,0.042,33,169,0.9982,3.23,0.51,9.3,good
6,0.26,0.29,1,0.032,27,96,0.9896,3.38,0.44,12.3,good
6.6,0.28,0.42,8.2,0.044,60,196,0.99562,3.14,0.48,9.4,not good
6.9,0.16,0.37,1.8,0.034,36,95,0.98952,2.93,0.59,12,good
6.3,0.39,0.24,6.9,0.069,9,117,0.9942,3.15,0.35,10.2,not good
5.8,0.36,0.32,1.7,0.033,22,96,0.9898,3.03,0.38,11.2,good
7.9,0.21,0.39,2,0.057,21,138,0.99176,3.05,0.52,10.9,not good
5.9,0.37,0.14,6.3,0.036,34,185,0.9944,3.17,0.63,9.8,not good
7.3,0.15,0.4,2,0.05,24,92,0.9932,3.14,0.45,10.5,not good
6.9,0.58,0.58,8.2,0.032,29,169,0.99275,3.28,0.44,12.2,good
6.8,0.17,0.17,5.1,0.049,26,82,0.993,3,0.38,9.8,good
6.4,0.26,0.21,8.2,0.05,51,182,0.99542,3.23,0.48,9.5,not good
6,0.27,0.27,1.6,0.046,32,113,0.9924,3.41,0.51,10.5,good
7.6,0.1,0.33,1,0.031,33,93,0.99094,3.06,0.68,11.2,good
6,0.39,0.26,2.7,0.038,39,187,0.99325,3.41,0.5,10.8,good
8.5,0.25,0.27,4.7,0.031,31,92,0.9922,3.01,0.33,12,good
6.6,0.24,0.3,13,0.052,18,143,0.99825,3.37,0.49,9.4,good
7.7,0.4,0.27,4.5,0.034,27,95,0.99175,3.21,0.59,12.3,good
7.8,0.16,0.41,1.7,0.026,29,140,0.991,3.02,0.78,12.5,good
7.6,0.29,0.29,4.4,0.051,26,146,0.9939,3.16,0.39,10.2,not good
6.1,0.37,0.46,12,0.042,61,210,0.997,3.17,0.59,9.7,good
6.2,0.23,0.36,17.2,0.039,37,130,0.99946,3.23,0.43,8.8,good
7.6,0.39,0.22,2.8,0.036,19,113,0.9926,3.03,0.29,10.2,not good
8.1,0.12,0.38,0.9,0.034,36,86,0.99026,2.8,0.55,12,good
6.5,0.33,0.28,6.1,0.018,41,103,0.99122,3.24,0.32,12.2,good
6.3,0.23,0.3,1.8,0.033,16,91,0.9906,3.28,0.4,11.8,good
6.8,0.22,0.37,15.2,0.051,68,178,0.99935,3.4,0.85,9.3,good
7.4,0.17,0.4,5.5,0.037,34,161,0.9935,3.05,0.62,11.5,not good
7.1,0.2,0.37,1.5,0.049,28,129,0.99226,3.15,0.52,10.8,not good
5.9,0.2,0.28,1,0.043,45,100,0.99033,3.4,0.41,11.4,good
5.9,0.19,0.37,0.8,0.027,3,21,0.9897,3.09,0.31,10.8,not good
6.1,0.34,0.29,2.2,0.036,25,100,0.98938,3.06,0.44,11.8,good
7.9,0.26,0.33,10.3,0.039,73,212,0.9969,2.93,0.49,9.5,good
5.7,0.26,0.25,10.4,0.02,7,57,0.994,3.39,0.37,10.6,not good
6.7,0.24,0.33,12.3,0.046,31,145,0.9983,3.36,0.4,9.5,not good
6.8,0.21,0.27,18.15,0.042,41,146,1.0001,3.3,0.36,8.7,not good
6.9,0.54,0.26,12.7,0.049,59,195,0.99596,3.26,0.54,10.5,good
6.8,0.32,0.34,6,0.05,5,129,0.9953,3.19,0.4,9.1,not good
6.6,0.39,0.22,4,0.038,17,98,0.99018,3.25,0.53,13,good
7.3,0.4,0.26,5.45,0.016,26,90,0.98951,2.84,0.54,13.2,good
8,0.43,0.4,12.4,0.168,29,190,0.9991,3.07,0.64,9.2,not good
6.4,0.24,0.22,1.5,0.038,38,157,0.9934,3.41,0.55,9.9,good
7.6,0.445,0.44,14.5,0.045,68,212,0.9986,3.48,0.36,10,good
7.8,0.3,0.4,1.8,0.028,23,122,0.9914,3.14,0.39,10.9,good
8.1,0.17,0.21,1.6,0.036,24,119,0.99396,3.18,0.52,10.1,good
6.6,0.285,0.49,11.4,0.035,57,137,0.99732,3.08,0.54,8.9,good
7.1,0.32,0.34,14.5,0.039,46,150,0.995,3.38,0.5,12.5,good
5.8,0.36,0.26,3.3,0.038,40,153,0.9911,3.34,0.55,11.3,good
6.2,0.16,0.47,1.4,0.029,23,81,0.99,3.26,0.42,12.2,good
6.9,0.48,0.36,3.5,0.03,31,135,0.9904,3.14,0.38,12.2,good
7.6,0.15,0.35,4.3,0.051,23,98,0.99422,3.1,0.44,9.5,good
7.3,0.23,0.37,1.8,0.032,60,156,0.992,3.11,0.35,11.1,good
6.3,0.29,0.29,3.3,0.037,32,140,0.9895,3.17,0.36,12.8,good
7.7,0.28,0.33,6.7,0.037,32,155,0.9951,3.39,0.62,10.7,good
6.3,0.25,0.53,1.8,0.021,41,101,0.989315,3.19,0.31,13,good
6,0.29,0.41,10.8,0.048,55,149,0.9937,3.09,0.59,11,good
7.2,0.115,0.3,6.8,0.056,26,105,0.9954,3.44,0.4,9.6,good
6.9,0.18,0.36,1.3,0.036,40,117,0.9934,3.27,0.95,9.5,good
6.2,0.19,0.29,4.3,0.045,33,126,0.99658,3.18,0.42,9.3,good
7.6,0.21,0.44,1.9,0.036,10,119,0.9913,3.01,0.7,12.8,good
5.3,0.16,0.39,1,0.028,40,101,0.99156,3.57,0.59,10.6,good
8.7,0.23,0.32,13.4,0.044,35,169,0.99975,3.12,0.47,8.8,good
8,0.23,0.35,9.2,0.044,53,186,0.997,3.09,0.56,9.5,good
4.4,0.46,0.1,2.8,0.024,31,111,0.98816,3.48,0.34,13.1,good
6.2,0.38,0.42,2.5,0.038,34,117,0.99132,3.36,0.59,11.6,good
6.7,0.28,0.34,8.9,0.048,32,111,0.99455,3.25,0.54,11,good
7.7,0.27,0.35,5.3,0.03,30,117,0.992,3.11,0.42,12.2,good
6.4,0.25,0.37,4.5,0.039,41,147,0.9921,3.18,0.4,11.1,good
6.8,0.45,0.36,5,0.033,28,156,0.991,3.11,0.4,12.4,good
7.7,0.46,0.18,3.3,0.054,18,143,0.99392,3.12,0.51,10.8,good
6.1,0.21,0.38,1.5,0.039,37,122,0.98972,3.2,0.43,12,good
7.6,0.19,0.37,13.1,0.033,52,151,0.99726,3.18,0.79,10.4,good
8.4,0.36,0.36,11.1,0.032,21,132,0.99313,2.95,0.39,13,good
7.5,0.29,0.67,8.1,0.037,53,166,0.9966,2.9,0.41,8.9,good
8.5,0.21,0.26,9.25,0.034,73,142,0.9945,3.05,0.37,11.4,good
6.2,0.2,0.25,15,0.055,8,120,0.99767,3.19,0.53,9.6,good
6.8,0.52,0.32,13.2,0.044,54,221,0.9972,3.27,0.5,9.6,good
5.3,0.585,0.07,7.1,0.044,34,145,0.9945,3.34,0.57,9.7,good
